driverRef,grid,positionOrder,constructorRef,circuitRef
hamilton,1,19,mercedes,albert_park
hamilton,1,1,mercedes,albert_park
hamilton,1,2,mercedes,albert_park
hamilton,1,2,mercedes,albert_park
hamilton,1,2,mercedes,albert_park
hamilton,1,2,mercedes,albert_park
rosberg,3,1,mercedes,albert_park
rosberg,2,2,mercedes,albert_park
rosberg,2,1,mercedes,albert_park
bottas,3,3,mercedes,albert_park
bottas,15,8,mercedes,albert_park
bottas,2,1,mercedes,albert_park
alonso,5,4,ferrari,albert_park
raikkonen,11,7,ferrari,albert_park
raikkonen,5,12,ferrari,albert_park
raikkonen,4,18,ferrari,albert_park
raikkonen,4,4,ferrari,albert_park
raikkonen,2,3,ferrari,albert_park
vettel,4,3,ferrari,albert_park
vettel,3,3,ferrari,albert_park
vettel,2,1,ferrari,albert_park
vettel,3,1,ferrari,albert_park
vettel,3,4,ferrari,albert_park
leclerc,5,5,ferrari,albert_park
alonso,11,21,mclaren,albert_park
alonso,12,14,mclaren,albert_park
alonso,10,5,mclaren,albert_park
button,10,3,mclaren,albert_park
button,16,11,mclaren,albert_park
button,12,14,mclaren,albert_park
kevin_magnussen,4,2,mclaren,albert_park
kevin_magnussen,17,17,mclaren,albert_park
sainz,18,20,mclaren,albert_park
vandoorne,18,13,mclaren,albert_park
vandoorne,11,9,mclaren,albert_park
norris,8,12,mclaren,albert_park
raikkonen,9,8,alfa,albert_park
giovinazzi,14,15,alfa,albert_park
kubica,20,17,williams,albert_park
massa,9,20,williams,albert_park
massa,3,4,williams,albert_park
massa,6,5,williams,albert_park
massa,7,6,williams,albert_park
bottas,15,5,williams,albert_park
bottas,20,18,williams,albert_park
bottas,16,8,williams,albert_park
stroll,20,16,williams,albert_park
stroll,13,14,williams,albert_park
sirotkin,19,20,williams,albert_park
russell,19,16,williams,albert_park
sutil,13,11,sauber,albert_park
gutierrez,20,12,sauber,albert_park
ericsson,15,8,sauber,albert_park
ericsson,15,17,sauber,albert_park
ericsson,14,18,sauber,albert_park
ericsson,17,19,sauber,albert_park
nasr,10,5,sauber,albert_park
nasr,17,15,sauber,albert_park
giovinazzi,16,12,sauber,albert_park
leclerc,18,13,sauber,albert_park
vettel,12,18,red_bull,albert_park
ricciardo,2,22,red_bull,albert_park
ricciardo,6,6,red_bull,albert_park
ricciardo,8,4,red_bull,albert_park
ricciardo,20,17,red_bull,albert_park
ricciardo,8,4,red_bull,albert_park
kvyat,12,16,red_bull,albert_park
kvyat,18,22,red_bull,albert_park
max_verstappen,5,5,red_bull,albert_park
max_verstappen,4,6,red_bull,albert_park
max_verstappen,4,3,red_bull,albert_park
gasly,17,11,red_bull,albert_park
grosjean,22,15,lotus_f1,albert_park
grosjean,8,14,lotus_f1,albert_park
maldonado,21,16,lotus_f1,albert_park
maldonado,9,15,lotus_f1,albert_park
grosjean,19,6,haas,albert_park
grosjean,6,20,haas,albert_park
grosjean,6,16,haas,albert_park
grosjean,6,18,haas,albert_park
gutierrez,20,20,haas,albert_park
kevin_magnussen,17,15,haas,albert_park
kevin_magnussen,5,17,haas,albert_park
kevin_magnussen,7,6,haas,albert_park
kobayashi,14,21,caterham,albert_park
ericsson,19,17,caterham,albert_park
hulkenberg,7,6,force_india,albert_park
hulkenberg,13,7,force_india,albert_park
hulkenberg,10,7,force_india,albert_park
perez,16,10,force_india,albert_park
perez,14,10,force_india,albert_park
perez,9,13,force_india,albert_park
perez,10,7,force_india,albert_park
perez,12,11,force_india,albert_park
ocon,13,10,force_india,albert_park
ocon,14,12,force_india,albert_park
hulkenberg,11,11,renault,albert_park
hulkenberg,7,7,renault,albert_park
hulkenberg,11,7,renault,albert_park
ricciardo,12,19,renault,albert_park
kevin_magnussen,14,12,renault,albert_park
sainz,9,10,renault,albert_park
jolyon_palmer,13,11,renault,albert_park
jolyon_palmer,19,19,renault,albert_park
perez,10,13,racing_point,albert_park
stroll,16,9,racing_point,albert_park
vergne,6,8,toro_rosso,albert_park
kvyat,8,9,toro_rosso,albert_park
kvyat,9,9,toro_rosso,albert_park
kvyat,15,10,toro_rosso,albert_park
max_verstappen,11,13,toro_rosso,albert_park
max_verstappen,5,10,toro_rosso,albert_park
sainz,7,9,toro_rosso,albert_park
sainz,7,9,toro_rosso,albert_park
sainz,8,8,toro_rosso,albert_park
gasly,20,18,toro_rosso,albert_park
brendon_hartley,16,15,toro_rosso,albert_park
albon,13,14,toro_rosso,albert_park
chilton,17,13,marussia,albert_park
jules_bianchi,18,14,marussia,albert_park
wehrlein,21,16,manor,albert_park
haryanto,22,19,manor,albert_park
hamilton,1,1,mercedes,sepang
hamilton,1,2,mercedes,sepang
hamilton,1,18,mercedes,sepang
hamilton,1,2,mercedes,sepang
rosberg,3,2,mercedes,sepang
rosberg,3,3,mercedes,sepang
rosberg,2,3,mercedes,sepang
bottas,5,5,mercedes,sepang
alonso,4,4,ferrari,sepang
raikkonen,6,12,ferrari,sepang
raikkonen,11,4,ferrari,sepang
raikkonen,6,4,ferrari,sepang
raikkonen,20,20,ferrari,sepang
vettel,2,1,ferrari,sepang
vettel,5,22,ferrari,sepang
vettel,20,4,ferrari,sepang
alonso,18,18,mclaren,sepang
alonso,22,7,mclaren,sepang
alonso,10,11,mclaren,sepang
button,10,6,mclaren,sepang
button,17,17,mclaren,sepang
button,9,9,mclaren,sepang
kevin_magnussen,8,9,mclaren,sepang
vandoorne,7,7,mclaren,sepang
massa,13,7,williams,sepang
massa,7,6,williams,sepang
massa,10,13,williams,sepang
massa,11,9,williams,sepang
bottas,18,8,williams,sepang
bottas,8,5,williams,sepang
bottas,11,5,williams,sepang
stroll,13,8,williams,sepang
sutil,17,18,sauber,sepang
gutierrez,12,17,sauber,sepang
ericsson,9,19,sauber,sepang
ericsson,17,12,sauber,sepang
ericsson,19,18,sauber,sepang
nasr,16,12,sauber,sepang
nasr,18,17,sauber,sepang
wehrlein,18,17,sauber,sepang
vettel,2,3,red_bull,sepang
ricciardo,5,16,red_bull,sepang
ricciardo,4,10,red_bull,sepang
ricciardo,4,1,red_bull,sepang
ricciardo,4,3,red_bull,sepang
kvyat,5,9,red_bull,sepang
max_verstappen,3,2,red_bull,sepang
max_verstappen,3,1,red_bull,sepang
grosjean,15,11,lotus_f1,sepang
grosjean,10,11,lotus_f1,sepang
maldonado,16,21,lotus_f1,sepang
maldonado,12,16,lotus_f1,sepang
grosjean,12,21,haas,sepang
grosjean,16,13,haas,sepang
gutierrez,13,19,haas,sepang
kevin_magnussen,17,12,haas,sepang
kobayashi,20,13,caterham,sepang
ericsson,22,14,caterham,sepang
hulkenberg,7,5,force_india,sepang
hulkenberg,13,14,force_india,sepang
hulkenberg,8,8,force_india,sepang
perez,14,22,force_india,sepang
perez,14,13,force_india,sepang
perez,7,6,force_india,sepang
perez,9,6,force_india,sepang
ocon,6,10,force_india,sepang
hulkenberg,8,16,renault,sepang
kevin_magnussen,14,20,renault,sepang
jolyon_palmer,19,10,renault,sepang
jolyon_palmer,12,15,renault,sepang
vergne,9,19,toro_rosso,sepang
kvyat,11,10,toro_rosso,sepang
kvyat,15,14,toro_rosso,sepang
max_verstappen,6,7,toro_rosso,sepang
sainz,15,8,toro_rosso,sepang
sainz,16,11,toro_rosso,sepang
sainz,14,19,toro_rosso,sepang
gasly,15,14,toro_rosso,sepang
chilton,21,15,marussia,sepang
jules_bianchi,19,20,marussia,sepang
stevens,20,20,manor,sepang
merhi,19,15,manor,sepang
wehrlein,21,15,manor,sepang
ocon,20,16,manor,sepang
hamilton,2,1,mercedes,bahrain
hamilton,1,1,mercedes,bahrain
hamilton,1,3,mercedes,bahrain
hamilton,2,2,mercedes,bahrain
hamilton,9,3,mercedes,bahrain
hamilton,3,1,mercedes,bahrain
hamilton,1,1,mercedes,bahrain
hamilton,2,1,mercedes,bahrain
rosberg,1,2,mercedes,bahrain
rosberg,3,3,mercedes,bahrain
rosberg,2,1,mercedes,bahrain
bottas,1,3,mercedes,bahrain
bottas,3,2,mercedes,bahrain
bottas,4,2,mercedes,bahrain
bottas,2,8,mercedes,bahrain
bottas,1,8,mercedes,bahrain
bottas,3,3,mercedes,bahrain
russell,2,9,mercedes,bahrain
alonso,9,9,ferrari,bahrain
raikkonen,5,10,ferrari,bahrain
raikkonen,4,2,ferrari,bahrain
raikkonen,4,2,ferrari,bahrain
raikkonen,5,4,ferrari,bahrain
raikkonen,2,18,ferrari,bahrain
vettel,2,5,ferrari,bahrain
vettel,3,21,ferrari,bahrain
vettel,3,1,ferrari,bahrain
vettel,1,1,ferrari,bahrain
vettel,2,5,ferrari,bahrain
vettel,11,13,ferrari,bahrain
vettel,13,12,ferrari,bahrain
sainz,8,8,ferrari,bahrain
leclerc,1,3,ferrari,bahrain
leclerc,12,10,ferrari,bahrain
leclerc,4,20,ferrari,bahrain
leclerc,4,6,ferrari,bahrain
alonso,14,11,mclaren,bahrain
alonso,15,14,mclaren,bahrain
alonso,13,7,mclaren,bahrain
button,6,17,mclaren,bahrain
button,20,20,mclaren,bahrain
button,14,20,mclaren,bahrain
ricciardo,6,7,mclaren,bahrain
kevin_magnussen,8,18,mclaren,bahrain
sainz,7,19,mclaren,bahrain
sainz,15,5,mclaren,bahrain
sainz,8,4,mclaren,bahrain
vandoorne,12,10,mclaren,bahrain
vandoorne,17,20,mclaren,bahrain
vandoorne,14,8,mclaren,bahrain
norris,9,6,mclaren,bahrain
norris,9,4,mclaren,bahrain
norris,19,10,mclaren,bahrain
norris,7,4,mclaren,bahrain
alonso,9,19,alpine,bahrain
ocon,16,13,alpine,bahrain
raikkonen,8,7,alfa,bahrain
raikkonen,17,15,alfa,bahrain
raikkonen,18,14,alfa,bahrain
raikkonen,14,11,alfa,bahrain
giovinazzi,16,11,alfa,bahrain
giovinazzi,16,16,alfa,bahrain
giovinazzi,14,13,alfa,bahrain
giovinazzi,12,12,alfa,bahrain
kubica,20,16,williams,bahrain
massa,7,7,williams,bahrain
massa,6,10,williams,bahrain
massa,7,8,williams,bahrain
massa,8,6,williams,bahrain
bottas,3,8,williams,bahrain
bottas,5,4,williams,bahrain
bottas,6,9,williams,bahrain
stroll,12,17,williams,bahrain
stroll,20,14,williams,bahrain
sirotkin,18,15,williams,bahrain
russell,19,15,williams,bahrain
russell,14,12,williams,bahrain
russell,15,14,williams,bahrain
latifi,20,14,williams,bahrain
latifi,16,18,williams,bahrain
latifi,17,18,williams,bahrain
aitken,17,16,williams,bahrain
sutil,22,22,sauber,bahrain
gutierrez,15,19,sauber,bahrain
ericsson,13,14,sauber,bahrain
ericsson,17,12,sauber,bahrain
ericsson,19,15,sauber,bahrain
ericsson,17,9,sauber,bahrain
nasr,12,12,sauber,bahrain
nasr,21,14,sauber,bahrain
wehrlein,13,11,sauber,bahrain
leclerc,19,12,sauber,bahrain
vettel,10,6,red_bull,bahrain
perez,20,5,red_bull,bahrain
ricciardo,13,4,red_bull,bahrain
ricciardo,7,6,red_bull,bahrain
ricciardo,5,4,red_bull,bahrain
ricciardo,4,5,red_bull,bahrain
ricciardo,4,20,red_bull,bahrain
kvyat,17,9,red_bull,bahrain
kvyat,15,7,red_bull,bahrain
max_verstappen,6,18,red_bull,bahrain
max_verstappen,15,19,red_bull,bahrain
max_verstappen,5,4,red_bull,bahrain
max_verstappen,3,2,red_bull,bahrain
max_verstappen,3,19,red_bull,bahrain
max_verstappen,1,2,red_bull,bahrain
gasly,13,8,red_bull,bahrain
albon,4,3,red_bull,bahrain
albon,12,6,red_bull,bahrain
vettel,20,15,aston_martin,bahrain
stroll,10,10,aston_martin,bahrain
grosjean,16,12,lotus_f1,bahrain
grosjean,10,7,lotus_f1,bahrain
maldonado,17,14,lotus_f1,bahrain
maldonado,16,15,lotus_f1,bahrain
grosjean,9,5,haas,bahrain
grosjean,9,8,haas,bahrain
grosjean,16,13,haas,bahrain
grosjean,11,20,haas,bahrain
grosjean,19,20,haas,bahrain
gutierrez,13,19,haas,bahrain
kevin_magnussen,20,19,haas,bahrain
kevin_magnussen,6,5,haas,bahrain
kevin_magnussen,6,13,haas,bahrain
kevin_magnussen,18,17,haas,bahrain
kevin_magnussen,15,15,haas,bahrain
pietro_fittipaldi,20,17,haas,bahrain
mazepin,19,20,haas,bahrain
mick_schumacher,18,16,haas,bahrain
kobayashi,18,15,caterham,bahrain
ericsson,20,20,caterham,bahrain
hulkenberg,11,5,force_india,bahrain
hulkenberg,8,13,force_india,bahrain
hulkenberg,8,15,force_india,bahrain
perez,4,3,force_india,bahrain
perez,11,8,force_india,bahrain
perez,18,16,force_india,bahrain
perez,18,7,force_india,bahrain
perez,12,16,force_india,bahrain
ocon,14,10,force_india,bahrain
ocon,8,10,force_india,bahrain
hulkenberg,7,9,renault,bahrain
hulkenberg,7,6,renault,bahrain
hulkenberg,17,17,renault,bahrain
ricciardo,10,18,renault,bahrain
ricciardo,6,7,renault,bahrain
ricciardo,7,5,renault,bahrain
kevin_magnussen,22,11,renault,bahrain
sainz,10,11,renault,bahrain
jolyon_palmer,19,22,renault,bahrain
jolyon_palmer,10,13,renault,bahrain
ocon,7,9,renault,bahrain
ocon,11,2,renault,bahrain
perez,14,10,racing_point,bahrain
perez,5,18,racing_point,bahrain
perez,5,1,racing_point,bahrain
stroll,18,14,racing_point,bahrain
stroll,13,19,racing_point,bahrain
stroll,10,3,racing_point,bahrain
vergne,14,21,toro_rosso,bahrain
kvyat,12,11,toro_rosso,bahrain
kvyat,11,12,toro_rosso,bahrain
kvyat,15,12,toro_rosso,bahrain
max_verstappen,15,18,toro_rosso,bahrain
max_verstappen,10,6,toro_rosso,bahrain
sainz,9,19,toro_rosso,bahrain
sainz,11,18,toro_rosso,bahrain
sainz,16,16,toro_rosso,bahrain
gasly,5,4,toro_rosso,bahrain
brendon_hartley,11,17,toro_rosso,bahrain
albon,12,9,toro_rosso,bahrain
chilton,21,13,marussia,bahrain
jules_bianchi,19,16,marussia,bahrain
kvyat,10,11,alphatauri,bahrain
kvyat,6,7,alphatauri,bahrain
gasly,8,6,alphatauri,bahrain
gasly,9,11,alphatauri,bahrain
gasly,5,17,alphatauri,bahrain
tsunoda,13,9,alphatauri,bahrain
stevens,18,16,manor,bahrain
merhi,19,17,manor,bahrain
wehrlein,16,13,manor,bahrain
haryanto,20,17,manor,bahrain
hamilton,1,1,mercedes,shanghai
hamilton,1,1,mercedes,shanghai
hamilton,22,7,mercedes,shanghai
hamilton,1,1,mercedes,shanghai
hamilton,4,4,mercedes,shanghai
hamilton,2,1,mercedes,shanghai
rosberg,4,2,mercedes,shanghai
rosberg,2,2,mercedes,shanghai
rosberg,1,1,mercedes,shanghai
bottas,3,6,mercedes,shanghai
bottas,3,2,mercedes,shanghai
bottas,1,2,mercedes,shanghai
alonso,5,3,ferrari,shanghai
raikkonen,11,8,ferrari,shanghai
raikkonen,6,4,ferrari,shanghai
raikkonen,3,5,ferrari,shanghai
raikkonen,4,5,ferrari,shanghai
raikkonen,2,3,ferrari,shanghai
vettel,3,3,ferrari,shanghai
vettel,4,2,ferrari,shanghai
vettel,2,2,ferrari,shanghai
vettel,1,8,ferrari,shanghai
vettel,3,3,ferrari,shanghai
leclerc,4,5,ferrari,shanghai
alonso,18,12,mclaren,shanghai
alonso,11,12,mclaren,shanghai
alonso,13,16,mclaren,shanghai
alonso,13,7,mclaren,shanghai
button,12,11,mclaren,shanghai
button,17,14,mclaren,shanghai
button,12,13,mclaren,shanghai
kevin_magnussen,15,13,mclaren,shanghai
sainz,14,14,mclaren,shanghai
vandoorne,15,18,mclaren,shanghai
vandoorne,14,13,mclaren,shanghai
norris,15,18,mclaren,shanghai
raikkonen,13,9,alfa,shanghai
giovinazzi,19,15,alfa,shanghai
kubica,18,17,williams,shanghai
massa,6,15,williams,shanghai
massa,4,5,williams,shanghai
massa,10,6,williams,shanghai
massa,6,14,williams,shanghai
bottas,7,7,williams,shanghai
bottas,5,6,williams,shanghai
bottas,5,10,williams,shanghai
stroll,10,20,williams,shanghai
stroll,18,14,williams,shanghai
sirotkin,16,15,williams,shanghai
russell,17,16,williams,shanghai
sutil,14,22,sauber,shanghai
gutierrez,17,16,sauber,shanghai
ericsson,10,10,sauber,shanghai
ericsson,15,16,sauber,shanghai
ericsson,14,15,sauber,shanghai
ericsson,20,16,sauber,shanghai
nasr,9,8,sauber,shanghai
nasr,16,20,sauber,shanghai
giovinazzi,18,19,sauber,shanghai
leclerc,19,19,sauber,shanghai
vettel,3,5,red_bull,shanghai
ricciardo,2,4,red_bull,shanghai
ricciardo,7,9,red_bull,shanghai
ricciardo,2,4,red_bull,shanghai
ricciardo,5,4,red_bull,shanghai
ricciardo,6,1,red_bull,shanghai
kvyat,12,19,red_bull,shanghai
kvyat,6,3,red_bull,shanghai
max_verstappen,16,3,red_bull,shanghai
max_verstappen,5,5,red_bull,shanghai
max_verstappen,5,4,red_bull,shanghai
gasly,6,6,red_bull,shanghai
grosjean,10,21,lotus_f1,shanghai
grosjean,8,7,lotus_f1,shanghai
maldonado,22,14,lotus_f1,shanghai
maldonado,11,18,lotus_f1,shanghai
grosjean,14,19,haas,shanghai
grosjean,19,11,haas,shanghai
grosjean,10,17,haas,shanghai
grosjean,10,11,haas,shanghai
gutierrez,18,14,haas,shanghai
kevin_magnussen,12,8,haas,shanghai
kevin_magnussen,11,10,haas,shanghai
kevin_magnussen,9,13,haas,shanghai
kobayashi,18,18,caterham,shanghai
ericsson,20,20,caterham,shanghai
hulkenberg,8,6,force_india,shanghai
hulkenberg,16,20,force_india,shanghai
hulkenberg,13,15,force_india,shanghai
perez,16,9,force_india,shanghai
perez,15,11,force_india,shanghai
perez,7,11,force_india,shanghai
perez,8,9,force_india,shanghai
perez,8,12,force_india,shanghai
ocon,17,10,force_india,shanghai
ocon,12,11,force_india,shanghai
hulkenberg,7,12,renault,shanghai
hulkenberg,7,6,renault,shanghai
hulkenberg,8,20,renault,shanghai
ricciardo,7,7,renault,shanghai
kevin_magnussen,17,17,renault,shanghai
sainz,9,9,renault,shanghai
jolyon_palmer,19,22,renault,shanghai
jolyon_palmer,20,13,renault,shanghai
perez,12,8,racing_point,shanghai
stroll,16,12,racing_point,shanghai
vergne,9,12,toro_rosso,shanghai
kvyat,13,10,toro_rosso,shanghai
kvyat,9,17,toro_rosso,shanghai
kvyat,11,19,toro_rosso,shanghai
max_verstappen,13,17,toro_rosso,shanghai
max_verstappen,9,8,toro_rosso,shanghai
sainz,14,13,toro_rosso,shanghai
sainz,8,9,toro_rosso,shanghai
sainz,11,7,toro_rosso,shanghai
gasly,17,18,toro_rosso,shanghai
brendon_hartley,15,20,toro_rosso,shanghai
albon,20,10,toro_rosso,shanghai
chilton,21,19,marussia,shanghai
jules_bianchi,19,17,marussia,shanghai
stevens,19,15,manor,shanghai
merhi,20,16,manor,shanghai
wehrlein,21,18,manor,shanghai
haryanto,20,21,manor,shanghai
hamilton,1,1,mercedes,catalunya
hamilton,2,2,mercedes,catalunya
hamilton,1,21,mercedes,catalunya
hamilton,1,1,mercedes,catalunya
hamilton,1,1,mercedes,catalunya
hamilton,2,1,mercedes,catalunya
hamilton,1,1,mercedes,catalunya
hamilton,1,1,mercedes,catalunya
rosberg,2,2,mercedes,catalunya
rosberg,1,1,mercedes,catalunya
rosberg,2,22,mercedes,catalunya
bottas,3,17,mercedes,catalunya
bottas,2,2,mercedes,catalunya
bottas,1,2,mercedes,catalunya
bottas,2,3,mercedes,catalunya
bottas,3,3,mercedes,catalunya
alonso,7,6,ferrari,catalunya
raikkonen,6,7,ferrari,catalunya
raikkonen,7,5,ferrari,catalunya
raikkonen,5,2,ferrari,catalunya
raikkonen,4,20,ferrari,catalunya
raikkonen,4,17,ferrari,catalunya
vettel,3,3,ferrari,catalunya
vettel,6,3,ferrari,catalunya
vettel,2,2,ferrari,catalunya
vettel,3,4,ferrari,catalunya
vettel,3,4,ferrari,catalunya
vettel,11,7,ferrari,catalunya
sainz,6,7,ferrari,catalunya
leclerc,5,5,ferrari,catalunya
leclerc,9,20,ferrari,catalunya
leclerc,4,4,ferrari,catalunya
alonso,13,20,mclaren,catalunya
alonso,10,19,mclaren,catalunya
alonso,7,12,mclaren,catalunya
alonso,8,8,mclaren,catalunya
button,8,11,mclaren,catalunya
button,14,16,mclaren,catalunya
button,12,9,mclaren,catalunya
ricciardo,7,6,mclaren,catalunya
kevin_magnussen,14,12,mclaren,catalunya
sainz,12,8,mclaren,catalunya
sainz,7,6,mclaren,catalunya
vandoorne,20,18,mclaren,catalunya
vandoorne,11,15,mclaren,catalunya
norris,10,20,mclaren,catalunya
norris,8,10,mclaren,catalunya
norris,9,8,mclaren,catalunya
alonso,10,17,alpine,catalunya
ocon,5,9,alpine,catalunya
raikkonen,14,14,alfa,catalunya
raikkonen,14,14,alfa,catalunya
raikkonen,17,12,alfa,catalunya
giovinazzi,18,16,alfa,catalunya
giovinazzi,20,16,alfa,catalunya
giovinazzi,14,15,alfa,catalunya
kubica,17,18,williams,catalunya
massa,9,13,williams,catalunya
massa,9,6,williams,catalunya
massa,18,8,williams,catalunya
massa,9,13,williams,catalunya
bottas,4,5,williams,catalunya
bottas,4,4,williams,catalunya
bottas,7,5,williams,catalunya
stroll,18,16,williams,catalunya
stroll,18,11,williams,catalunya
sirotkin,19,14,williams,catalunya
russell,19,17,williams,catalunya
russell,18,17,williams,catalunya
russell,15,14,williams,catalunya
latifi,19,18,williams,catalunya
latifi,19,16,williams,catalunya
sutil,16,17,sauber,catalunya
gutierrez,13,16,sauber,catalunya
ericsson,16,14,sauber,catalunya
ericsson,19,12,sauber,catalunya
ericsson,16,11,sauber,catalunya
ericsson,17,13,sauber,catalunya
nasr,15,12,sauber,catalunya
nasr,20,15,sauber,catalunya
wehrlein,15,8,sauber,catalunya
leclerc,14,10,sauber,catalunya
vettel,15,4,red_bull,catalunya
perez,8,5,red_bull,catalunya
ricciardo,3,3,red_bull,catalunya
ricciardo,10,7,red_bull,catalunya
ricciardo,3,4,red_bull,catalunya
ricciardo,6,3,red_bull,catalunya
ricciardo,6,5,red_bull,catalunya
kvyat,8,10,red_bull,catalunya
max_verstappen,4,1,red_bull,catalunya
max_verstappen,5,19,red_bull,catalunya
max_verstappen,5,3,red_bull,catalunya
max_verstappen,4,3,red_bull,catalunya
max_verstappen,3,2,red_bull,catalunya
max_verstappen,2,2,red_bull,catalunya
gasly,6,6,red_bull,catalunya
albon,6,8,red_bull,catalunya
vettel,13,13,aston_martin,catalunya
stroll,11,11,aston_martin,catalunya
grosjean,5,8,lotus_f1,catalunya
grosjean,11,8,lotus_f1,catalunya
maldonado,22,15,lotus_f1,catalunya
maldonado,12,19,lotus_f1,catalunya
grosjean,14,18,haas,catalunya
grosjean,14,10,haas,catalunya
grosjean,10,18,haas,catalunya
grosjean,7,10,haas,catalunya
grosjean,17,19,haas,catalunya
gutierrez,16,11,haas,catalunya
kevin_magnussen,11,14,haas,catalunya
kevin_magnussen,7,6,haas,catalunya
kevin_magnussen,8,7,haas,catalunya
kevin_magnussen,16,15,haas,catalunya
mazepin,20,19,haas,catalunya
mick_schumacher,18,18,haas,catalunya
kobayashi,20,21,caterham,catalunya
ericsson,19,20,caterham,catalunya
hulkenberg,10,10,force_india,catalunya
hulkenberg,17,15,force_india,catalunya
hulkenberg,11,20,force_india,catalunya
perez,11,9,force_india,catalunya
perez,18,13,force_india,catalunya
perez,9,7,force_india,catalunya
perez,8,4,force_india,catalunya
perez,15,9,force_india,catalunya
ocon,10,5,force_india,catalunya
ocon,13,16,force_india,catalunya
hulkenberg,13,6,renault,catalunya
hulkenberg,16,20,renault,catalunya
hulkenberg,20,13,renault,catalunya
ricciardo,13,12,renault,catalunya
ricciardo,13,11,renault,catalunya
kevin_magnussen,15,14,renault,catalunya
sainz,9,7,renault,catalunya
jolyon_palmer,17,13,renault,catalunya
jolyon_palmer,17,15,renault,catalunya
ocon,15,13,renault,catalunya
perez,15,15,racing_point,catalunya
perez,4,5,racing_point,catalunya
stroll,16,19,racing_point,catalunya
stroll,5,4,racing_point,catalunya
vergne,21,22,toro_rosso,catalunya
kvyat,12,14,toro_rosso,catalunya
kvyat,13,10,toro_rosso,catalunya
kvyat,19,9,toro_rosso,catalunya
kvyat,9,9,toro_rosso,catalunya
max_verstappen,6,11,toro_rosso,catalunya
sainz,5,9,toro_rosso,catalunya
sainz,8,6,toro_rosso,catalunya
sainz,12,7,toro_rosso,catalunya
gasly,12,19,toro_rosso,catalunya
brendon_hartley,20,12,toro_rosso,catalunya
albon,11,11,toro_rosso,catalunya
chilton,17,19,marussia,catalunya
jules_bianchi,18,18,marussia,catalunya
kvyat,12,12,alphatauri,catalunya
gasly,10,9,alphatauri,catalunya
gasly,12,10,alphatauri,catalunya
tsunoda,16,20,alphatauri,catalunya
stevens,19,17,manor,catalunya
merhi,20,18,manor,catalunya
wehrlein,21,16,manor,catalunya
haryanto,22,17,manor,catalunya
hamilton,2,2,mercedes,monaco
hamilton,1,3,mercedes,monaco
hamilton,3,1,mercedes,monaco
hamilton,13,7,mercedes,monaco
hamilton,3,3,mercedes,monaco
hamilton,1,1,mercedes,monaco
hamilton,7,7,mercedes,monaco
rosberg,1,1,mercedes,monaco
rosberg,2,1,mercedes,monaco
rosberg,2,7,mercedes,monaco
bottas,3,4,mercedes,monaco
bottas,5,5,mercedes,monaco
bottas,2,3,mercedes,monaco
bottas,3,19,mercedes,monaco
alonso,5,4,ferrari,monaco
raikkonen,6,12,ferrari,monaco
raikkonen,6,6,ferrari,monaco
raikkonen,11,21,ferrari,monaco
raikkonen,1,2,ferrari,monaco
raikkonen,4,4,ferrari,monaco
vettel,3,2,ferrari,monaco
vettel,4,4,ferrari,monaco
vettel,2,1,ferrari,monaco
vettel,2,2,ferrari,monaco
vettel,4,2,ferrari,monaco
sainz,4,2,ferrari,monaco
leclerc,15,20,ferrari,monaco
leclerc,1,20,ferrari,monaco
alonso,13,19,mclaren,monaco
alonso,9,5,mclaren,monaco
alonso,7,20,mclaren,monaco
button,12,6,mclaren,monaco
button,10,8,mclaren,monaco
button,13,9,mclaren,monaco
button,20,18,mclaren,monaco
ricciardo,12,12,mclaren,monaco
kevin_magnussen,8,10,mclaren,monaco
sainz,9,6,mclaren,monaco
vandoorne,12,16,mclaren,monaco
vandoorne,12,14,mclaren,monaco
norris,12,11,mclaren,monaco
norris,5,3,mclaren,monaco
alonso,17,13,alpine,monaco
ocon,11,9,alpine,monaco
raikkonen,14,17,alfa,monaco
raikkonen,14,11,alfa,monaco
giovinazzi,18,19,alfa,monaco
giovinazzi,10,10,alfa,monaco
kubica,20,18,williams,monaco
massa,16,7,williams,monaco
massa,12,15,williams,monaco
massa,14,10,williams,monaco
massa,14,9,williams,monaco
bottas,13,16,williams,monaco
bottas,16,14,williams,monaco
bottas,10,12,williams,monaco
stroll,17,15,williams,monaco
stroll,17,17,williams,monaco
sirotkin,13,16,williams,monaco
russell,19,15,williams,monaco
russell,15,14,williams,monaco
latifi,18,15,williams,monaco
sutil,18,18,sauber,monaco
gutierrez,17,15,sauber,monaco
ericsson,17,13,sauber,monaco
ericsson,17,16,sauber,monaco
ericsson,19,17,sauber,monaco
ericsson,16,11,sauber,monaco
nasr,14,9,sauber,monaco
nasr,20,17,sauber,monaco
wehrlein,18,19,sauber,monaco
leclerc,14,18,sauber,monaco
vettel,4,20,red_bull,monaco
perez,9,4,red_bull,monaco
ricciardo,3,3,red_bull,monaco
ricciardo,4,5,red_bull,monaco
ricciardo,1,2,red_bull,monaco
ricciardo,5,3,red_bull,monaco
ricciardo,1,1,red_bull,monaco
kvyat,5,4,red_bull,monaco
max_verstappen,20,18,red_bull,monaco
max_verstappen,4,5,red_bull,monaco
max_verstappen,20,9,red_bull,monaco
max_verstappen,3,4,red_bull,monaco
max_verstappen,2,1,red_bull,monaco
gasly,8,5,red_bull,monaco
vettel,8,5,aston_martin,monaco
stroll,13,8,aston_martin,monaco
grosjean,14,8,lotus_f1,monaco
grosjean,15,12,lotus_f1,monaco
maldonado,15,22,lotus_f1,monaco
maldonado,8,20,lotus_f1,monaco
grosjean,15,13,haas,monaco
grosjean,8,8,haas,monaco
grosjean,18,15,haas,monaco
grosjean,13,10,haas,monaco
gutierrez,12,11,haas,monaco
kevin_magnussen,11,10,haas,monaco
kevin_magnussen,19,13,haas,monaco
kevin_magnussen,5,14,haas,monaco
mazepin,19,17,haas,monaco
mick_schumacher,20,18,haas,monaco
kobayashi,20,13,caterham,monaco
ericsson,22,11,caterham,monaco
hulkenberg,11,5,force_india,monaco
hulkenberg,11,11,force_india,monaco
hulkenberg,5,6,force_india,monaco
perez,10,21,force_india,monaco
perez,7,7,force_india,monaco
perez,7,3,force_india,monaco
perez,7,13,force_india,monaco
perez,9,12,force_india,monaco
ocon,15,12,force_india,monaco
ocon,6,6,force_india,monaco
hulkenberg,10,20,renault,monaco
hulkenberg,11,8,renault,monaco
hulkenberg,11,13,renault,monaco
ricciardo,6,9,renault,monaco
kevin_magnussen,16,19,renault,monaco
sainz,8,10,renault,monaco
jolyon_palmer,18,22,renault,monaco
jolyon_palmer,16,11,renault,monaco
perez,16,12,racing_point,monaco
stroll,17,16,racing_point,monaco
vergne,7,17,toro_rosso,monaco
kvyat,9,19,toro_rosso,monaco
kvyat,8,20,toro_rosso,monaco
kvyat,9,14,toro_rosso,monaco
kvyat,7,7,toro_rosso,monaco
max_verstappen,9,18,toro_rosso,monaco
sainz,20,10,toro_rosso,monaco
sainz,6,8,toro_rosso,monaco
sainz,6,6,toro_rosso,monaco
gasly,10,7,toro_rosso,monaco
brendon_hartley,15,19,toro_rosso,monaco
albon,10,8,toro_rosso,monaco
chilton,19,14,marussia,monaco
jules_bianchi,21,9,marussia,monaco
gasly,6,6,alphatauri,monaco
tsunoda,16,16,alphatauri,monaco
stevens,18,17,manor,monaco
merhi,19,16,manor,monaco
wehrlein,20,14,manor,monaco
haryanto,19,15,manor,monaco
hamilton,2,17,mercedes,villeneuve
hamilton,1,1,mercedes,villeneuve
hamilton,1,1,mercedes,villeneuve
hamilton,1,1,mercedes,villeneuve
hamilton,4,5,mercedes,villeneuve
hamilton,2,1,mercedes,villeneuve
rosberg,1,2,mercedes,villeneuve
rosberg,2,2,mercedes,villeneuve
rosberg,2,5,mercedes,villeneuve
bottas,3,2,mercedes,villeneuve
bottas,2,2,mercedes,villeneuve
bottas,6,4,mercedes,villeneuve
alonso,7,6,ferrari,villeneuve
raikkonen,10,10,ferrari,villeneuve
raikkonen,3,4,ferrari,villeneuve
raikkonen,6,6,ferrari,villeneuve
raikkonen,4,7,ferrari,villeneuve
raikkonen,5,6,ferrari,villeneuve
vettel,18,5,ferrari,villeneuve
vettel,3,2,ferrari,villeneuve
vettel,2,4,ferrari,villeneuve
vettel,1,1,ferrari,villeneuve
vettel,1,2,ferrari,villeneuve
leclerc,3,3,ferrari,villeneuve
alonso,13,20,mclaren,villeneuve
alonso,10,11,mclaren,villeneuve
alonso,12,16,mclaren,villeneuve
alonso,14,18,mclaren,villeneuve
button,9,4,mclaren,villeneuve
button,20,19,mclaren,villeneuve
button,12,22,mclaren,villeneuve
kevin_magnussen,12,9,mclaren,villeneuve
sainz,11,11,mclaren,villeneuve
vandoorne,16,14,mclaren,villeneuve
vandoorne,15,16,mclaren,villeneuve
norris,8,20,mclaren,villeneuve
raikkonen,16,15,alfa,villeneuve
giovinazzi,12,13,alfa,villeneuve
kubica,19,18,williams,villeneuve
massa,5,12,williams,villeneuve
massa,15,6,williams,villeneuve
massa,8,20,williams,villeneuve
massa,7,19,williams,villeneuve
bottas,4,7,williams,villeneuve
bottas,4,3,williams,villeneuve
bottas,7,3,williams,villeneuve
stroll,17,9,williams,villeneuve
stroll,17,20,williams,villeneuve
sirotkin,18,17,williams,villeneuve
russell,18,16,williams,villeneuve
sutil,16,13,sauber,villeneuve
gutierrez,22,14,sauber,villeneuve
ericsson,12,14,sauber,villeneuve
ericsson,21,15,sauber,villeneuve
ericsson,19,13,sauber,villeneuve
ericsson,19,15,sauber,villeneuve
nasr,14,16,sauber,villeneuve
nasr,18,18,sauber,villeneuve
wehrlein,20,15,sauber,villeneuve
leclerc,13,10,sauber,villeneuve
vettel,3,3,red_bull,villeneuve
ricciardo,6,1,red_bull,villeneuve
ricciardo,9,13,red_bull,villeneuve
ricciardo,4,7,red_bull,villeneuve
ricciardo,6,3,red_bull,villeneuve
ricciardo,6,4,red_bull,villeneuve
kvyat,8,9,red_bull,villeneuve
max_verstappen,5,4,red_bull,villeneuve
max_verstappen,5,18,red_bull,villeneuve
max_verstappen,3,3,red_bull,villeneuve
max_verstappen,9,5,red_bull,villeneuve
gasly,5,8,red_bull,villeneuve
grosjean,14,15,lotus_f1,villeneuve
grosjean,5,10,lotus_f1,villeneuve
maldonado,17,19,lotus_f1,villeneuve
maldonado,6,7,lotus_f1,villeneuve
grosjean,14,14,haas,villeneuve
grosjean,14,10,haas,villeneuve
grosjean,20,12,haas,villeneuve
grosjean,14,14,haas,villeneuve
gutierrez,13,13,haas,villeneuve
kevin_magnussen,18,12,haas,villeneuve
kevin_magnussen,11,13,haas,villeneuve
kevin_magnussen,20,17,haas,villeneuve
kobayashi,21,18,caterham,villeneuve
ericsson,20,20,caterham,villeneuve
hulkenberg,11,5,force_india,villeneuve
hulkenberg,7,8,force_india,villeneuve
hulkenberg,9,8,force_india,villeneuve
perez,13,11,force_india,villeneuve
perez,10,11,force_india,villeneuve
perez,11,10,force_india,villeneuve
perez,8,5,force_india,villeneuve
perez,10,14,force_india,villeneuve
ocon,9,6,force_india,villeneuve
ocon,8,9,force_india,villeneuve
hulkenberg,10,8,renault,villeneuve
hulkenberg,7,7,renault,villeneuve
hulkenberg,7,7,renault,villeneuve
ricciardo,4,6,renault,villeneuve
kevin_magnussen,22,16,renault,villeneuve
sainz,9,8,renault,villeneuve
jolyon_palmer,16,21,renault,villeneuve
jolyon_palmer,15,11,renault,villeneuve
perez,15,12,racing_point,villeneuve
stroll,17,9,racing_point,villeneuve
vergne,8,8,toro_rosso,villeneuve
kvyat,15,16,toro_rosso,villeneuve
kvyat,15,12,toro_rosso,villeneuve
kvyat,11,17,toro_rosso,villeneuve
kvyat,10,10,toro_rosso,villeneuve
max_verstappen,19,15,toro_rosso,villeneuve
sainz,11,12,toro_rosso,villeneuve
sainz,20,9,toro_rosso,villeneuve
sainz,13,20,toro_rosso,villeneuve
gasly,16,11,toro_rosso,villeneuve
brendon_hartley,12,19,toro_rosso,villeneuve
albon,13,19,toro_rosso,villeneuve
chilton,18,21,marussia,villeneuve
jules_bianchi,19,22,marussia,villeneuve
stevens,17,17,manor,villeneuve
merhi,16,18,manor,villeneuve
wehrlein,17,17,manor,villeneuve
haryanto,19,19,manor,villeneuve
hamilton,9,2,mercedes,red_bull_ring
hamilton,1,2,mercedes,red_bull_ring
hamilton,1,1,mercedes,red_bull_ring
hamilton,8,4,mercedes,red_bull_ring
hamilton,2,16,mercedes,red_bull_ring
hamilton,4,5,mercedes,red_bull_ring
hamilton,5,4,mercedes,red_bull_ring
hamilton,1,1,mercedes,red_bull_ring
hamilton,2,2,mercedes,red_bull_ring
hamilton,4,4,mercedes,red_bull_ring
rosberg,3,1,mercedes,red_bull_ring
rosberg,2,1,mercedes,red_bull_ring
rosberg,6,4,mercedes,red_bull_ring
bottas,1,1,mercedes,red_bull_ring
bottas,1,19,mercedes,red_bull_ring
bottas,3,3,mercedes,red_bull_ring
bottas,1,1,mercedes,red_bull_ring
bottas,4,2,mercedes,red_bull_ring
bottas,5,3,mercedes,red_bull_ring
bottas,5,2,mercedes,red_bull_ring
alonso,4,5,ferrari,red_bull_ring
raikkonen,8,10,ferrari,red_bull_ring
raikkonen,14,19,ferrari,red_bull_ring
raikkonen,4,3,ferrari,red_bull_ring
raikkonen,3,5,ferrari,red_bull_ring
raikkonen,3,2,ferrari,red_bull_ring
vettel,3,4,ferrari,red_bull_ring
vettel,9,21,ferrari,red_bull_ring
vettel,2,2,ferrari,red_bull_ring
vettel,6,3,ferrari,red_bull_ring
vettel,9,4,ferrari,red_bull_ring
vettel,11,10,ferrari,red_bull_ring
vettel,10,20,ferrari,red_bull_ring
sainz,12,6,ferrari,red_bull_ring
sainz,10,5,ferrari,red_bull_ring
leclerc,1,2,ferrari,red_bull_ring
leclerc,7,2,ferrari,red_bull_ring
leclerc,14,19,ferrari,red_bull_ring
leclerc,7,7,ferrari,red_bull_ring
leclerc,12,8,ferrari,red_bull_ring
alonso,19,20,mclaren,red_bull_ring
alonso,14,18,mclaren,red_bull_ring
alonso,12,19,mclaren,red_bull_ring
alonso,13,8,mclaren,red_bull_ring
button,11,11,mclaren,red_bull_ring
button,20,17,mclaren,red_bull_ring
button,3,6,mclaren,red_bull_ring
ricciardo,13,13,mclaren,red_bull_ring
ricciardo,13,7,mclaren,red_bull_ring
kevin_magnussen,6,7,mclaren,red_bull_ring
sainz,19,8,mclaren,red_bull_ring
sainz,8,5,mclaren,red_bull_ring
sainz,3,9,mclaren,red_bull_ring
vandoorne,13,12,mclaren,red_bull_ring
vandoorne,15,15,mclaren,red_bull_ring
norris,5,6,mclaren,red_bull_ring
norris,3,3,mclaren,red_bull_ring
norris,9,5,mclaren,red_bull_ring
norris,3,5,mclaren,red_bull_ring
norris,2,3,mclaren,red_bull_ring
alonso,8,9,alpine,red_bull_ring
alonso,14,10,alpine,red_bull_ring
ocon,17,14,alpine,red_bull_ring
ocon,17,20,alpine,red_bull_ring
raikkonen,6,9,alfa,red_bull_ring
raikkonen,19,14,alfa,red_bull_ring
raikkonen,16,11,alfa,red_bull_ring
raikkonen,18,11,alfa,red_bull_ring
raikkonen,16,15,alfa,red_bull_ring
giovinazzi,7,10,alfa,red_bull_ring
giovinazzi,18,9,alfa,red_bull_ring
giovinazzi,19,14,alfa,red_bull_ring
giovinazzi,15,15,alfa,red_bull_ring
giovinazzi,15,14,alfa,red_bull_ring
kubica,17,20,williams,red_bull_ring
massa,1,4,williams,red_bull_ring
massa,4,3,williams,red_bull_ring
massa,20,20,williams,red_bull_ring
massa,17,9,williams,red_bull_ring
bottas,2,3,williams,red_bull_ring
bottas,6,5,williams,red_bull_ring
bottas,7,9,williams,red_bull_ring
stroll,18,10,williams,red_bull_ring
stroll,14,14,williams,red_bull_ring
sirotkin,17,13,williams,red_bull_ring
russell,20,18,williams,red_bull_ring
russell,17,15,williams,red_bull_ring
russell,11,16,williams,red_bull_ring
russell,10,19,williams,red_bull_ring
russell,8,11,williams,red_bull_ring
latifi,20,11,williams,red_bull_ring
latifi,18,17,williams,red_bull_ring
latifi,16,17,williams,red_bull_ring
latifi,18,16,williams,red_bull_ring
sutil,16,13,sauber,red_bull_ring
gutierrez,17,19,sauber,red_bull_ring
ericsson,11,13,sauber,red_bull_ring
ericsson,18,15,sauber,red_bull_ring
ericsson,19,15,sauber,red_bull_ring
ericsson,20,10,sauber,red_bull_ring
nasr,8,11,sauber,red_bull_ring
nasr,21,13,sauber,red_bull_ring
wehrlein,20,14,sauber,red_bull_ring
leclerc,18,9,sauber,red_bull_ring
vettel,12,21,red_bull,red_bull_ring
perez,4,4,red_bull,red_bull_ring
perez,3,6,red_bull,red_bull_ring
ricciardo,5,8,red_bull,red_bull_ring
ricciardo,18,10,red_bull,red_bull_ring
ricciardo,5,5,red_bull,red_bull_ring
ricciardo,4,3,red_bull,red_bull_ring
ricciardo,7,18,red_bull,red_bull_ring
kvyat,15,12,red_bull,red_bull_ring
max_verstappen,8,2,red_bull,red_bull_ring
max_verstappen,5,20,red_bull,red_bull_ring
max_verstappen,4,1,red_bull,red_bull_ring
max_verstappen,2,1,red_bull,red_bull_ring
max_verstappen,2,20,red_bull,red_bull_ring
max_verstappen,2,3,red_bull,red_bull_ring
max_verstappen,1,1,red_bull,red_bull_ring
max_verstappen,1,1,red_bull,red_bull_ring
gasly,8,7,red_bull,red_bull_ring
albon,4,13,red_bull,red_bull_ring
albon,6,4,red_bull,red_bull_ring
vettel,14,12,aston_martin,red_bull_ring
vettel,11,17,aston_martin,red_bull_ring
stroll,9,8,aston_martin,red_bull_ring
stroll,9,13,aston_martin,red_bull_ring
grosjean,22,14,lotus_f1,red_bull_ring
grosjean,9,15,lotus_f1,red_bull_ring
maldonado,13,12,lotus_f1,red_bull_ring
maldonado,10,7,lotus_f1,red_bull_ring
grosjean,13,7,haas,red_bull_ring
grosjean,6,6,haas,red_bull_ring
grosjean,5,4,haas,red_bull_ring
grosjean,11,16,haas,red_bull_ring
grosjean,15,16,haas,red_bull_ring
grosjean,20,13,haas,red_bull_ring
gutierrez,11,11,haas,red_bull_ring
kevin_magnussen,15,18,haas,red_bull_ring
kevin_magnussen,8,5,haas,red_bull_ring
kevin_magnussen,10,19,haas,red_bull_ring
kevin_magnussen,16,17,haas,red_bull_ring
kevin_magnussen,15,12,haas,red_bull_ring
mazepin,20,18,haas,red_bull_ring
mazepin,20,19,haas,red_bull_ring
mick_schumacher,19,16,haas,red_bull_ring
mick_schumacher,19,18,haas,red_bull_ring
kobayashi,19,16,caterham,red_bull_ring
ericsson,20,18,caterham,red_bull_ring
hulkenberg,10,9,force_india,red_bull_ring
hulkenberg,5,6,force_india,red_bull_ring
hulkenberg,2,19,force_india,red_bull_ring
perez,15,6,force_india,red_bull_ring
perez,13,9,force_india,red_bull_ring
perez,16,17,force_india,red_bull_ring
perez,7,7,force_india,red_bull_ring
perez,16,7,force_india,red_bull_ring
ocon,9,8,force_india,red_bull_ring
ocon,11,6,force_india,red_bull_ring
hulkenberg,11,13,renault,red_bull_ring
hulkenberg,10,20,renault,red_bull_ring
hulkenberg,15,13,renault,red_bull_ring
ricciardo,12,12,renault,red_bull_ring
ricciardo,10,19,renault,red_bull_ring
ricciardo,8,8,renault,red_bull_ring
kevin_magnussen,17,14,renault,red_bull_ring
sainz,9,12,renault,red_bull_ring
jolyon_palmer,19,12,renault,red_bull_ring
jolyon_palmer,16,11,renault,red_bull_ring
ocon,14,8,renault,red_bull_ring
ocon,5,18,renault,red_bull_ring
perez,13,11,racing_point,red_bull_ring
perez,6,6,racing_point,red_bull_ring
perez,17,6,racing_point,red_bull_ring
stroll,14,14,racing_point,red_bull_ring
stroll,9,18,racing_point,red_bull_ring
stroll,12,7,racing_point,red_bull_ring
vergne,14,20,toro_rosso,red_bull_ring
kvyat,7,22,toro_rosso,red_bull_ring
kvyat,20,22,toro_rosso,red_bull_ring
kvyat,14,16,toro_rosso,red_bull_ring
kvyat,16,17,toro_rosso,red_bull_ring
max_verstappen,7,8,toro_rosso,red_bull_ring
sainz,12,16,toro_rosso,red_bull_ring
sainz,15,8,toro_rosso,red_bull_ring
sainz,10,17,toro_rosso,red_bull_ring
gasly,12,11,toro_rosso,red_bull_ring
brendon_hartley,19,17,toro_rosso,red_bull_ring
albon,18,15,toro_rosso,red_bull_ring
chilton,21,17,marussia,red_bull_ring
jules_bianchi,18,15,marussia,red_bull_ring
kvyat,13,12,alphatauri,red_bull_ring
kvyat,13,10,alphatauri,red_bull_ring
gasly,12,7,alphatauri,red_bull_ring
gasly,7,15,alphatauri,red_bull_ring
gasly,6,20,alphatauri,red_bull_ring
gasly,6,9,alphatauri,red_bull_ring
tsunoda,11,10,alphatauri,red_bull_ring
tsunoda,7,12,alphatauri,red_bull_ring
stevens,17,18,manor,red_bull_ring
merhi,16,14,manor,red_bull_ring
wehrlein,12,10,manor,red_bull_ring
haryanto,20,16,manor,red_bull_ring
hamilton,6,1,mercedes,silverstone
hamilton,1,1,mercedes,silverstone
hamilton,1,1,mercedes,silverstone
hamilton,1,1,mercedes,silverstone
hamilton,1,2,mercedes,silverstone
hamilton,2,1,mercedes,silverstone
hamilton,1,1,mercedes,silverstone
hamilton,2,2,mercedes,silverstone
rosberg,1,18,mercedes,silverstone
rosberg,2,2,mercedes,silverstone
rosberg,2,3,mercedes,silverstone
bottas,9,2,mercedes,silverstone
bottas,4,4,mercedes,silverstone
bottas,1,2,mercedes,silverstone
bottas,2,11,mercedes,silverstone
bottas,1,3,mercedes,silverstone
alonso,16,6,ferrari,silverstone
raikkonen,18,22,ferrari,silverstone
raikkonen,5,8,ferrari,silverstone
raikkonen,5,5,ferrari,silverstone
raikkonen,2,3,ferrari,silverstone
raikkonen,3,3,ferrari,silverstone
vettel,6,3,ferrari,silverstone
vettel,11,9,ferrari,silverstone
vettel,3,7,ferrari,silverstone
vettel,2,1,ferrari,silverstone
vettel,6,16,ferrari,silverstone
vettel,10,10,ferrari,silverstone
vettel,11,12,ferrari,silverstone
leclerc,3,3,ferrari,silverstone
leclerc,4,3,ferrari,silverstone
leclerc,8,4,ferrari,silverstone
alonso,17,10,mclaren,silverstone
alonso,9,13,mclaren,silverstone
alonso,20,18,mclaren,silverstone
alonso,13,8,mclaren,silverstone
button,3,4,mclaren,silverstone
button,18,19,mclaren,silverstone
button,17,12,mclaren,silverstone
kevin_magnussen,5,7,mclaren,silverstone
sainz,13,6,mclaren,silverstone
sainz,7,13,mclaren,silverstone
sainz,12,13,mclaren,silverstone
vandoorne,8,11,mclaren,silverstone
vandoorne,17,11,mclaren,silverstone
norris,8,11,mclaren,silverstone
norris,5,5,mclaren,silverstone
norris,10,9,mclaren,silverstone
raikkonen,12,8,alfa,silverstone
raikkonen,16,17,alfa,silverstone
raikkonen,20,15,alfa,silverstone
giovinazzi,11,18,alfa,silverstone
giovinazzi,15,14,alfa,silverstone
giovinazzi,19,17,alfa,silverstone
kubica,20,15,williams,silverstone
massa,15,21,williams,silverstone
massa,3,4,williams,silverstone
massa,12,11,williams,silverstone
massa,14,10,williams,silverstone
bottas,14,2,williams,silverstone
bottas,4,5,williams,silverstone
bottas,6,14,williams,silverstone
stroll,15,16,williams,silverstone
stroll,19,12,williams,silverstone
sirotkin,18,14,williams,silverstone
russell,19,14,williams,silverstone
russell,20,12,williams,silverstone
russell,15,18,williams,silverstone
latifi,18,15,williams,silverstone
latifi,18,19,williams,silverstone
sutil,13,13,sauber,silverstone
gutierrez,19,20,sauber,silverstone
ericsson,15,11,sauber,silverstone
ericsson,22,21,sauber,silverstone
ericsson,18,14,sauber,silverstone
ericsson,15,18,sauber,silverstone
nasr,16,20,sauber,silverstone
nasr,21,15,sauber,silverstone
wehrlein,17,17,sauber,silverstone
leclerc,9,19,sauber,silverstone
vettel,2,5,red_bull,silverstone
ricciardo,8,3,red_bull,silverstone
ricciardo,10,15,red_bull,silverstone
ricciardo,4,4,red_bull,silverstone
ricciardo,19,5,red_bull,silverstone
ricciardo,6,5,red_bull,silverstone
kvyat,7,6,red_bull,silverstone
max_verstappen,3,2,red_bull,silverstone
max_verstappen,4,4,red_bull,silverstone
max_verstappen,5,15,red_bull,silverstone
max_verstappen,4,5,red_bull,silverstone
max_verstappen,3,2,red_bull,silverstone
max_verstappen,4,1,red_bull,silverstone
gasly,5,4,red_bull,silverstone
albon,12,8,red_bull,silverstone
albon,9,5,red_bull,silverstone
grosjean,11,12,lotus_f1,silverstone
grosjean,12,17,lotus_f1,silverstone
maldonado,20,17,lotus_f1,silverstone
maldonado,14,18,lotus_f1,silverstone
grosjean,13,20,haas,silverstone
grosjean,10,13,haas,silverstone
grosjean,8,16,haas,silverstone
grosjean,14,19,haas,silverstone
grosjean,17,16,haas,silverstone
grosjean,13,16,haas,silverstone
gutierrez,14,16,haas,silverstone
kevin_magnussen,16,12,haas,silverstone
kevin_magnussen,7,9,haas,silverstone
kevin_magnussen,16,20,haas,silverstone
kevin_magnussen,14,19,haas,silverstone
kevin_magnussen,17,20,haas,silverstone
kobayashi,22,15,caterham,silverstone
ericsson,21,19,caterham,silverstone
hulkenberg,4,8,force_india,silverstone
hulkenberg,9,7,force_india,silverstone
hulkenberg,8,7,force_india,silverstone
perez,7,11,force_india,silverstone
perez,11,9,force_india,silverstone
perez,10,6,force_india,silverstone
perez,6,9,force_india,silverstone
perez,12,10,force_india,silverstone
ocon,7,8,force_india,silverstone
ocon,10,7,force_india,silverstone
hulkenberg,5,6,renault,silverstone
hulkenberg,11,6,renault,silverstone
hulkenberg,10,10,renault,silverstone
ricciardo,7,7,renault,silverstone
ricciardo,8,4,renault,silverstone
ricciardo,5,14,renault,silverstone
kevin_magnussen,16,17,renault,silverstone
sainz,16,17,renault,silverstone
jolyon_palmer,18,18,renault,silverstone
jolyon_palmer,11,20,renault,silverstone
ocon,9,6,renault,silverstone
ocon,14,8,renault,silverstone
hulkenberg,13,20,racing_point,silverstone
hulkenberg,3,7,racing_point,silverstone
perez,15,17,racing_point,silverstone
stroll,18,13,racing_point,silverstone
stroll,6,9,racing_point,silverstone
stroll,6,6,racing_point,silverstone
vergne,10,10,toro_rosso,silverstone
kvyat,9,9,toro_rosso,silverstone
kvyat,15,10,toro_rosso,silverstone
kvyat,12,15,toro_rosso,silverstone
kvyat,17,9,toro_rosso,silverstone
max_verstappen,13,16,toro_rosso,silverstone
sainz,8,14,toro_rosso,silverstone
sainz,7,8,toro_rosso,silverstone
sainz,13,19,toro_rosso,silverstone
gasly,14,13,toro_rosso,silverstone
brendon_hartley,20,20,toro_rosso,silverstone
albon,9,12,toro_rosso,silverstone
chilton,17,16,marussia,silverstone
jules_bianchi,12,14,marussia,silverstone
kvyat,19,18,alphatauri,silverstone
kvyat,16,10,alphatauri,silverstone
gasly,11,7,alphatauri,silverstone
gasly,7,11,alphatauri,silverstone
stevens,19,13,manor,silverstone
merhi,20,12,manor,silverstone
wehrlein,20,22,manor,silverstone
haryanto,19,19,manor,silverstone
hamilton,20,3,mercedes,hockenheimring
hamilton,2,1,mercedes,hockenheimring
hamilton,14,1,mercedes,hockenheimring
hamilton,1,9,mercedes,hockenheimring
rosberg,1,1,mercedes,hockenheimring
rosberg,1,4,mercedes,hockenheimring
bottas,2,2,mercedes,hockenheimring
bottas,3,15,mercedes,hockenheimring
alonso,7,5,ferrari,hockenheimring
raikkonen,12,11,ferrari,hockenheimring
raikkonen,5,6,ferrari,hockenheimring
raikkonen,3,3,ferrari,hockenheimring
vettel,6,5,ferrari,hockenheimring
vettel,1,18,ferrari,hockenheimring
vettel,20,2,ferrari,hockenheimring
leclerc,10,17,ferrari,hockenheimring
alonso,13,12,mclaren,hockenheimring
alonso,11,16,mclaren,hockenheimring
button,11,8,mclaren,hockenheimring
button,12,8,mclaren,hockenheimring
kevin_magnussen,4,9,mclaren,hockenheimring
sainz,7,5,mclaren,hockenheimring
vandoorne,19,13,mclaren,hockenheimring
norris,19,18,mclaren,hockenheimring
raikkonen,5,12,alfa,hockenheimring
giovinazzi,11,13,alfa,hockenheimring
kubica,18,10,williams,hockenheimring
massa,3,22,williams,hockenheimring
massa,10,22,williams,hockenheimring
bottas,2,2,williams,hockenheimring
bottas,7,9,williams,hockenheimring
stroll,18,17,williams,hockenheimring
sirotkin,12,19,williams,hockenheimring
russell,17,11,williams,hockenheimring
sutil,15,19,sauber,hockenheimring
gutierrez,16,14,sauber,hockenheimring
ericsson,22,18,sauber,hockenheimring
ericsson,13,9,sauber,hockenheimring
nasr,21,21,sauber,hockenheimring
leclerc,9,15,sauber,hockenheimring
vettel,6,4,red_bull,hockenheimring
ricciardo,5,6,red_bull,hockenheimring
ricciardo,3,2,red_bull,hockenheimring
ricciardo,20,20,red_bull,hockenheimring
max_verstappen,4,3,red_bull,hockenheimring
max_verstappen,4,4,red_bull,hockenheimring
max_verstappen,2,1,red_bull,hockenheimring
gasly,4,14,red_bull,hockenheimring
grosjean,14,21,lotus_f1,hockenheimring
maldonado,18,12,lotus_f1,hockenheimring
grosjean,20,13,haas,hockenheimring
grosjean,6,6,haas,hockenheimring
grosjean,6,7,haas,hockenheimring
gutierrez,11,11,haas,hockenheimring
kevin_magnussen,5,11,haas,hockenheimring
kevin_magnussen,12,8,haas,hockenheimring
kobayashi,19,16,caterham,hockenheimring
ericsson,22,18,caterham,hockenheimring
hulkenberg,9,7,force_india,hockenheimring
hulkenberg,8,7,force_india,hockenheimring
perez,10,10,force_india,hockenheimring
perez,9,10,force_india,hockenheimring
perez,10,7,force_india,hockenheimring
ocon,15,8,force_india,hockenheimring
hulkenberg,7,5,renault,hockenheimring
hulkenberg,9,16,renault,hockenheimring
ricciardo,13,19,renault,hockenheimring
kevin_magnussen,16,16,renault,hockenheimring
sainz,8,12,renault,hockenheimring
jolyon_palmer,14,19,renault,hockenheimring
perez,8,20,racing_point,hockenheimring
stroll,15,4,racing_point,hockenheimring
vergne,13,13,toro_rosso,hockenheimring
kvyat,8,20,toro_rosso,hockenheimring
kvyat,18,15,toro_rosso,hockenheimring
kvyat,14,3,toro_rosso,hockenheimring
sainz,15,14,toro_rosso,hockenheimring
gasly,16,14,toro_rosso,hockenheimring
brendon_hartley,17,10,toro_rosso,hockenheimring
albon,16,6,toro_rosso,hockenheimring
chilton,21,17,marussia,hockenheimring
jules_bianchi,17,15,marussia,hockenheimring
wehrlein,17,17,manor,hockenheimring
haryanto,19,20,manor,hockenheimring
hamilton,22,3,mercedes,hungaroring
hamilton,1,6,mercedes,hungaroring
hamilton,2,1,mercedes,hungaroring
hamilton,4,4,mercedes,hungaroring
hamilton,1,1,mercedes,hungaroring
hamilton,3,1,mercedes,hungaroring
hamilton,1,1,mercedes,hungaroring
rosberg,1,4,mercedes,hungaroring
rosberg,2,8,mercedes,hungaroring
rosberg,1,2,mercedes,hungaroring
bottas,3,3,mercedes,hungaroring
bottas,2,5,mercedes,hungaroring
bottas,2,8,mercedes,hungaroring
bottas,2,3,mercedes,hungaroring
alonso,5,2,ferrari,hungaroring
raikkonen,16,6,ferrari,hungaroring
raikkonen,5,18,ferrari,hungaroring
raikkonen,14,6,ferrari,hungaroring
raikkonen,2,2,ferrari,hungaroring
raikkonen,3,3,ferrari,hungaroring
vettel,3,1,ferrari,hungaroring
vettel,5,4,ferrari,hungaroring
vettel,1,1,ferrari,hungaroring
vettel,4,2,ferrari,hungaroring
vettel,5,3,ferrari,hungaroring
vettel,5,6,ferrari,hungaroring
leclerc,4,4,ferrari,hungaroring
leclerc,6,11,ferrari,hungaroring
alonso,15,5,mclaren,hungaroring
alonso,7,7,mclaren,hungaroring
alonso,7,6,mclaren,hungaroring
alonso,11,8,mclaren,hungaroring
button,7,10,mclaren,hungaroring
button,16,9,mclaren,hungaroring
button,8,22,mclaren,hungaroring
kevin_magnussen,21,12,mclaren,hungaroring
sainz,8,5,mclaren,hungaroring
sainz,9,9,mclaren,hungaroring
vandoorne,8,10,mclaren,hungaroring
vandoorne,16,18,mclaren,hungaroring
norris,7,9,mclaren,hungaroring
norris,8,13,mclaren,hungaroring
raikkonen,10,7,alfa,hungaroring
raikkonen,20,15,alfa,hungaroring
giovinazzi,17,18,alfa,hungaroring
giovinazzi,19,17,alfa,hungaroring
kubica,19,19,williams,hungaroring
massa,6,5,williams,hungaroring
massa,8,12,williams,hungaroring
massa,18,18,williams,hungaroring
resta,19,18,williams,hungaroring
bottas,3,8,williams,hungaroring
bottas,6,13,williams,hungaroring
bottas,10,9,williams,hungaroring
stroll,17,14,williams,hungaroring
stroll,15,17,williams,hungaroring
sirotkin,20,16,williams,hungaroring
russell,15,16,williams,hungaroring
russell,12,18,williams,hungaroring
latifi,15,19,williams,hungaroring
sutil,11,11,sauber,hungaroring
gutierrez,13,17,sauber,hungaroring
ericsson,17,10,sauber,hungaroring
ericsson,22,20,sauber,hungaroring
ericsson,20,16,sauber,hungaroring
ericsson,14,15,sauber,hungaroring
nasr,18,11,sauber,hungaroring
nasr,16,17,sauber,hungaroring
wehrlein,18,15,sauber,hungaroring
leclerc,17,20,sauber,hungaroring
vettel,2,7,red_bull,hungaroring
ricciardo,4,1,red_bull,hungaroring
ricciardo,4,3,red_bull,hungaroring
ricciardo,3,3,red_bull,hungaroring
ricciardo,6,20,red_bull,hungaroring
ricciardo,12,4,red_bull,hungaroring
kvyat,7,2,red_bull,hungaroring
max_verstappen,4,5,red_bull,hungaroring
max_verstappen,5,5,red_bull,hungaroring
max_verstappen,7,19,red_bull,hungaroring
max_verstappen,1,2,red_bull,hungaroring
max_verstappen,7,2,red_bull,hungaroring
gasly,6,6,red_bull,hungaroring
albon,13,5,red_bull,hungaroring
grosjean,14,21,lotus_f1,hungaroring
grosjean,10,7,lotus_f1,hungaroring
maldonado,20,13,lotus_f1,hungaroring
maldonado,14,14,lotus_f1,hungaroring
grosjean,11,14,haas,hungaroring
grosjean,14,19,haas,hungaroring
grosjean,10,10,haas,hungaroring
grosjean,9,20,haas,hungaroring
grosjean,20,16,haas,hungaroring
gutierrez,15,13,haas,hungaroring
kevin_magnussen,15,13,haas,hungaroring
kevin_magnussen,9,7,haas,hungaroring
kevin_magnussen,14,13,haas,hungaroring
kevin_magnussen,20,10,haas,hungaroring
kobayashi,17,18,caterham,hungaroring
ericsson,19,22,caterham,hungaroring
hulkenberg,9,20,force_india,hungaroring
hulkenberg,11,20,force_india,hungaroring
hulkenberg,9,10,force_india,hungaroring
perez,12,19,force_india,hungaroring
perez,13,19,force_india,hungaroring
perez,13,11,force_india,hungaroring
perez,13,8,force_india,hungaroring
perez,19,14,force_india,hungaroring
ocon,11,9,force_india,hungaroring
ocon,18,13,force_india,hungaroring
hulkenberg,12,17,renault,hungaroring
hulkenberg,13,12,renault,hungaroring
hulkenberg,11,12,renault,hungaroring
ricciardo,20,14,renault,hungaroring
ricciardo,11,8,renault,hungaroring
kevin_magnussen,19,15,renault,hungaroring
sainz,5,9,renault,hungaroring
jolyon_palmer,17,12,renault,hungaroring
jolyon_palmer,10,12,renault,hungaroring
ocon,14,14,renault,hungaroring
perez,16,11,racing_point,hungaroring
perez,4,7,racing_point,hungaroring
stroll,18,17,racing_point,hungaroring
stroll,3,4,racing_point,hungaroring
vergne,8,9,toro_rosso,hungaroring
kvyat,10,14,toro_rosso,hungaroring
kvyat,12,16,toro_rosso,hungaroring
kvyat,16,11,toro_rosso,hungaroring
kvyat,13,15,toro_rosso,hungaroring
max_verstappen,9,4,toro_rosso,hungaroring
sainz,12,17,toro_rosso,hungaroring
sainz,6,8,toro_rosso,hungaroring
sainz,9,7,toro_rosso,hungaroring
gasly,6,6,toro_rosso,hungaroring
brendon_hartley,8,11,toro_rosso,hungaroring
albon,12,10,toro_rosso,hungaroring
chilton,18,16,marussia,hungaroring
jules_bianchi,15,15,marussia,hungaroring
kvyat,17,12,alphatauri,hungaroring
gasly,10,20,alphatauri,hungaroring
stevens,20,16,manor,hungaroring
merhi,19,15,manor,hungaroring
wehrlein,20,19,manor,hungaroring
haryanto,21,21,manor,hungaroring
hamilton,2,19,mercedes,spa
hamilton,1,1,mercedes,spa
hamilton,21,3,mercedes,spa
hamilton,1,1,mercedes,spa
hamilton,1,2,mercedes,spa
hamilton,3,2,mercedes,spa
hamilton,1,1,mercedes,spa
rosberg,1,2,mercedes,spa
rosberg,2,2,mercedes,spa
rosberg,1,1,mercedes,spa
bottas,3,5,mercedes,spa
bottas,19,4,mercedes,spa
bottas,4,3,mercedes,spa
bottas,2,2,mercedes,spa
alonso,4,7,ferrari,spa
raikkonen,8,4,ferrari,spa
raikkonen,16,7,ferrari,spa
raikkonen,3,9,ferrari,spa
raikkonen,4,4,ferrari,spa
raikkonen,6,17,ferrari,spa
vettel,8,12,ferrari,spa
vettel,4,6,ferrari,spa
vettel,2,2,ferrari,spa
vettel,2,1,ferrari,spa
vettel,2,4,ferrari,spa
vettel,14,13,ferrari,spa
leclerc,1,1,ferrari,spa
leclerc,13,14,ferrari,spa
alonso,20,13,mclaren,spa
alonso,22,7,mclaren,spa
alonso,10,18,mclaren,spa
alonso,15,19,mclaren,spa
button,10,6,mclaren,spa
button,19,14,mclaren,spa
button,9,21,mclaren,spa
kevin_magnussen,7,12,mclaren,spa
sainz,15,19,mclaren,spa
sainz,7,20,mclaren,spa
vandoorne,20,14,mclaren,spa
vandoorne,18,15,mclaren,spa
norris,11,11,mclaren,spa
norris,10,7,mclaren,spa
raikkonen,6,16,alfa,spa
raikkonen,16,12,alfa,spa
giovinazzi,18,18,alfa,spa
giovinazzi,18,18,alfa,spa
kubica,20,17,williams,spa
massa,9,13,williams,spa
massa,6,6,williams,spa
massa,10,10,williams,spa
massa,16,8,williams,spa
bottas,6,3,williams,spa
bottas,3,9,williams,spa
bottas,8,8,williams,spa
stroll,15,11,williams,spa
stroll,17,13,williams,spa
sirotkin,16,12,williams,spa
russell,14,15,williams,spa
russell,15,19,williams,spa
latifi,19,16,williams,spa
sutil,14,14,sauber,spa
gutierrez,20,15,sauber,spa
ericsson,13,10,sauber,spa
ericsson,20,19,sauber,spa
ericsson,17,16,sauber,spa
ericsson,13,10,sauber,spa
nasr,14,11,sauber,spa
nasr,16,17,sauber,spa
wehrlein,18,20,sauber,spa
leclerc,12,18,sauber,spa
vettel,3,5,red_bull,spa
ricciardo,5,1,red_bull,spa
ricciardo,5,18,red_bull,spa
ricciardo,5,2,red_bull,spa
ricciardo,6,3,red_bull,spa
ricciardo,8,16,red_bull,spa
kvyat,12,4,red_bull,spa
max_verstappen,2,11,red_bull,spa
max_verstappen,5,19,red_bull,spa
max_verstappen,7,3,red_bull,spa
max_verstappen,5,20,red_bull,spa
max_verstappen,3,3,red_bull,spa
albon,17,5,red_bull,spa
albon,5,6,red_bull,spa
grosjean,15,20,lotus_f1,spa
grosjean,9,3,lotus_f1,spa
maldonado,17,21,lotus_f1,spa
maldonado,7,19,lotus_f1,spa
grosjean,11,13,haas,spa
grosjean,11,7,haas,spa
grosjean,5,7,haas,spa
grosjean,9,13,haas,spa
grosjean,17,15,haas,spa
gutierrez,18,12,haas,spa
kevin_magnussen,12,15,haas,spa
kevin_magnussen,9,8,haas,spa
kevin_magnussen,8,12,haas,spa
kevin_magnussen,20,17,haas,spa
lotterer,21,22,caterham,spa
ericsson,22,17,caterham,spa
hulkenberg,18,10,force_india,spa
hulkenberg,11,20,force_india,spa
hulkenberg,7,4,force_india,spa
perez,13,8,force_india,spa
perez,4,5,force_india,spa
perez,6,5,force_india,spa
perez,8,17,force_india,spa
perez,4,5,force_india,spa
ocon,9,9,force_india,spa
ocon,3,6,force_india,spa
hulkenberg,7,6,renault,spa
hulkenberg,20,20,renault,spa
hulkenberg,12,8,renault,spa
ricciardo,10,14,renault,spa
ricciardo,4,4,renault,spa
kevin_magnussen,12,18,renault,spa
sainz,14,11,renault,spa
jolyon_palmer,13,15,renault,spa
jolyon_palmer,14,13,renault,spa
ocon,6,5,renault,spa
perez,7,6,racing_point,spa
perez,8,10,racing_point,spa
stroll,16,10,racing_point,spa
stroll,9,9,racing_point,spa
vergne,12,11,toro_rosso,spa
kvyat,11,9,toro_rosso,spa
kvyat,19,14,toro_rosso,spa
kvyat,19,12,toro_rosso,spa
kvyat,19,7,toro_rosso,spa
max_verstappen,18,8,toro_rosso,spa
sainz,10,17,toro_rosso,spa
sainz,14,20,toro_rosso,spa
sainz,13,10,toro_rosso,spa
gasly,10,9,toro_rosso,spa
gasly,13,9,toro_rosso,spa
brendon_hartley,11,14,toro_rosso,spa
chilton,19,16,marussia,spa
jules_bianchi,16,18,marussia,spa
kvyat,11,11,alphatauri,spa
gasly,12,8,alphatauri,spa
stevens,15,16,manor,spa
merhi,17,15,manor,spa
wehrlein,15,22,manor,spa
ocon,17,16,manor,spa
hamilton,1,1,mercedes,monza
hamilton,1,1,mercedes,monza
hamilton,1,2,mercedes,monza
hamilton,1,1,mercedes,monza
hamilton,3,1,mercedes,monza
hamilton,2,3,mercedes,monza
hamilton,1,7,mercedes,monza
rosberg,2,2,mercedes,monza
rosberg,4,17,mercedes,monza
rosberg,2,1,mercedes,monza
bottas,4,2,mercedes,monza
bottas,4,3,mercedes,monza
bottas,3,2,mercedes,monza
bottas,2,5,mercedes,monza
alonso,7,21,ferrari,monza
raikkonen,11,9,ferrari,monza
raikkonen,2,5,ferrari,monza
raikkonen,4,4,ferrari,monza
raikkonen,5,5,ferrari,monza
raikkonen,1,2,ferrari,monza
vettel,3,2,ferrari,monza
vettel,3,3,ferrari,monza
vettel,6,3,ferrari,monza
vettel,2,4,ferrari,monza
vettel,4,13,ferrari,monza
vettel,17,20,ferrari,monza
leclerc,1,1,ferrari,monza
leclerc,13,18,ferrari,monza
alonso,16,18,mclaren,monza
alonso,12,14,mclaren,monza
alonso,19,17,mclaren,monza
alonso,13,18,mclaren,monza
button,6,8,mclaren,monza
button,15,14,mclaren,monza
button,14,12,mclaren,monza
kevin_magnussen,5,10,mclaren,monza
sainz,7,20,mclaren,monza
sainz,3,2,mclaren,monza
vandoorne,18,19,mclaren,monza
vandoorne,17,12,mclaren,monza
norris,16,10,mclaren,monza
norris,6,4,mclaren,monza
raikkonen,20,15,alfa,monza
raikkonen,14,13,alfa,monza
giovinazzi,10,9,alfa,monza
giovinazzi,18,16,alfa,monza
kubica,15,17,williams,monza
massa,4,3,williams,monza
massa,5,3,williams,monza
massa,11,9,williams,monza
massa,7,8,williams,monza
bottas,3,4,williams,monza
bottas,6,4,williams,monza
bottas,5,6,williams,monza
stroll,2,7,williams,monza
stroll,10,9,williams,monza
sirotkin,12,10,williams,monza
russell,14,14,williams,monza
russell,19,14,williams,monza
latifi,20,11,williams,monza
sutil,14,15,sauber,monza
gutierrez,15,19,sauber,monza
ericsson,12,9,sauber,monza
ericsson,19,16,sauber,monza
ericsson,11,18,sauber,monza
ericsson,18,15,sauber,monza
nasr,17,13,sauber,monza
nasr,18,22,sauber,monza
wehrlein,12,16,sauber,monza
leclerc,15,11,sauber,monza
vettel,8,6,red_bull,monza
ricciardo,9,5,red_bull,monza
ricciardo,19,8,red_bull,monza
ricciardo,6,5,red_bull,monza
ricciardo,16,4,red_bull,monza
ricciardo,19,17,red_bull,monza
kvyat,18,10,red_bull,monza
max_verstappen,7,7,red_bull,monza
max_verstappen,13,10,red_bull,monza
max_verstappen,5,5,red_bull,monza
max_verstappen,19,8,red_bull,monza
max_verstappen,5,17,red_bull,monza
albon,8,6,red_bull,monza
albon,9,15,red_bull,monza
grosjean,17,16,lotus_f1,monza
grosjean,8,19,lotus_f1,monza
maldonado,16,14,lotus_f1,monza
maldonado,10,20,lotus_f1,monza
grosjean,17,11,haas,monza
grosjean,20,15,haas,monza
grosjean,6,20,haas,monza
grosjean,13,16,haas,monza
grosjean,16,12,haas,monza
gutierrez,10,13,haas,monza
kevin_magnussen,9,11,haas,monza
kevin_magnussen,11,16,haas,monza
kevin_magnussen,11,18,haas,monza
kevin_magnussen,15,19,haas,monza
kobayashi,18,17,caterham,monza
ericsson,22,20,caterham,monza
hulkenberg,13,12,force_india,monza
hulkenberg,9,7,force_india,monza
hulkenberg,9,10,force_india,monza
perez,10,7,force_india,monza
perez,7,6,force_india,monza
perez,8,8,force_india,monza
perez,10,9,force_india,monza
perez,14,7,force_india,monza
ocon,3,6,force_india,monza
ocon,8,6,force_india,monza
hulkenberg,14,13,renault,monza
hulkenberg,20,13,renault,monza
hulkenberg,6,5,renault,monza
ricciardo,5,4,renault,monza
ricciardo,7,6,renault,monza
kevin_magnussen,21,17,renault,monza
sainz,7,8,renault,monza
jolyon_palmer,20,21,renault,monza
jolyon_palmer,17,20,renault,monza
ocon,12,8,renault,monza
perez,18,7,racing_point,monza
perez,4,10,racing_point,monza
stroll,9,12,racing_point,monza
stroll,8,3,racing_point,monza
vergne,12,13,toro_rosso,monza
kvyat,21,11,toro_rosso,monza
kvyat,16,19,toro_rosso,monza
kvyat,8,12,toro_rosso,monza
kvyat,12,19,toro_rosso,monza
max_verstappen,20,12,toro_rosso,monza
sainz,17,11,toro_rosso,monza
sainz,15,15,toro_rosso,monza
sainz,15,14,toro_rosso,monza
gasly,9,14,toro_rosso,monza
gasly,17,11,toro_rosso,monza
brendon_hartley,16,19,toro_rosso,monza
chilton,20,22,marussia,monza
jules_bianchi,19,18,marussia,monza
kvyat,11,9,alphatauri,monza
gasly,10,1,alphatauri,monza
stevens,13,15,manor,monza
merhi,14,16,manor,monza
wehrlein,13,20,manor,monza
ocon,22,18,manor,monza
hamilton,1,1,mercedes,marina_bay
hamilton,5,18,mercedes,marina_bay
hamilton,3,3,mercedes,marina_bay
hamilton,5,1,mercedes,marina_bay
hamilton,1,1,mercedes,marina_bay
hamilton,2,4,mercedes,marina_bay
rosberg,2,21,mercedes,marina_bay
rosberg,6,4,mercedes,marina_bay
rosberg,1,1,mercedes,marina_bay
bottas,6,3,mercedes,marina_bay
bottas,4,4,mercedes,marina_bay
bottas,5,5,mercedes,marina_bay
alonso,5,4,ferrari,marina_bay
raikkonen,7,8,ferrari,marina_bay
raikkonen,3,3,ferrari,marina_bay
raikkonen,5,4,ferrari,marina_bay
raikkonen,4,20,ferrari,marina_bay
raikkonen,5,5,ferrari,marina_bay
vettel,1,1,ferrari,marina_bay
vettel,22,5,ferrari,marina_bay
vettel,1,18,ferrari,marina_bay
vettel,3,3,ferrari,marina_bay
vettel,3,1,ferrari,marina_bay
leclerc,1,2,ferrari,marina_bay
alonso,12,17,mclaren,marina_bay
alonso,9,7,mclaren,marina_bay
alonso,8,17,mclaren,marina_bay
alonso,11,7,mclaren,marina_bay
button,11,18,mclaren,marina_bay
button,15,16,mclaren,marina_bay
button,12,19,mclaren,marina_bay
kevin_magnussen,9,10,mclaren,marina_bay
sainz,7,12,mclaren,marina_bay
vandoorne,9,7,mclaren,marina_bay
vandoorne,18,12,mclaren,marina_bay
norris,9,7,mclaren,marina_bay
raikkonen,12,18,alfa,marina_bay
giovinazzi,10,10,alfa,marina_bay
kubica,19,16,williams,marina_bay
massa,6,5,williams,marina_bay
massa,9,19,williams,marina_bay
massa,11,12,williams,marina_bay
massa,17,11,williams,marina_bay
bottas,8,11,williams,marina_bay
bottas,7,5,williams,marina_bay
bottas,10,20,williams,marina_bay
stroll,18,8,williams,marina_bay
stroll,20,14,williams,marina_bay
sirotkin,19,19,williams,marina_bay
russell,18,20,williams,marina_bay
sutil,17,19,sauber,marina_bay
gutierrez,14,20,sauber,marina_bay
ericsson,17,11,sauber,marina_bay
ericsson,14,17,sauber,marina_bay
ericsson,20,15,sauber,marina_bay
ericsson,14,11,sauber,marina_bay
nasr,16,10,sauber,marina_bay
nasr,16,13,sauber,marina_bay
wehrlein,19,12,sauber,marina_bay
leclerc,13,9,sauber,marina_bay
vettel,4,2,red_bull,marina_bay
ricciardo,3,3,red_bull,marina_bay
ricciardo,2,2,red_bull,marina_bay
ricciardo,2,2,red_bull,marina_bay
ricciardo,3,2,red_bull,marina_bay
ricciardo,6,6,red_bull,marina_bay
kvyat,4,6,red_bull,marina_bay
max_verstappen,4,6,red_bull,marina_bay
max_verstappen,2,19,red_bull,marina_bay
max_verstappen,2,2,red_bull,marina_bay
max_verstappen,4,3,red_bull,marina_bay
albon,6,6,red_bull,marina_bay
grosjean,16,13,lotus_f1,marina_bay
grosjean,10,13,lotus_f1,marina_bay
maldonado,18,12,lotus_f1,marina_bay
maldonado,18,12,lotus_f1,marina_bay
grosjean,20,22,haas,marina_bay
grosjean,15,9,haas,marina_bay
grosjean,8,15,haas,marina_bay
grosjean,17,11,haas,marina_bay
gutierrez,13,11,haas,marina_bay
kevin_magnussen,16,13,haas,marina_bay
kevin_magnussen,16,18,haas,marina_bay
kevin_magnussen,13,17,haas,marina_bay
kobayashi,20,22,caterham,marina_bay
ericsson,22,15,caterham,marina_bay
hulkenberg,13,9,force_india,marina_bay
hulkenberg,11,20,force_india,marina_bay
hulkenberg,8,21,force_india,marina_bay
perez,15,7,force_india,marina_bay
perez,13,7,force_india,marina_bay
perez,17,8,force_india,marina_bay
perez,12,5,force_india,marina_bay
perez,7,16,force_india,marina_bay
ocon,14,10,force_india,marina_bay
ocon,9,20,force_india,marina_bay
hulkenberg,7,14,renault,marina_bay
hulkenberg,10,10,renault,marina_bay
hulkenberg,8,9,renault,marina_bay
ricciardo,20,14,renault,marina_bay
kevin_magnussen,15,10,renault,marina_bay
sainz,12,8,renault,marina_bay
jolyon_palmer,18,15,renault,marina_bay
jolyon_palmer,11,6,renault,marina_bay
perez,15,19,racing_point,marina_bay
stroll,16,13,racing_point,marina_bay
vergne,12,6,toro_rosso,marina_bay
kvyat,10,14,toro_rosso,marina_bay
kvyat,7,9,toro_rosso,marina_bay
kvyat,13,16,toro_rosso,marina_bay
kvyat,14,15,toro_rosso,marina_bay
max_verstappen,8,8,toro_rosso,marina_bay
sainz,14,9,toro_rosso,marina_bay
sainz,6,14,toro_rosso,marina_bay
sainz,10,4,toro_rosso,marina_bay
gasly,15,13,toro_rosso,marina_bay
gasly,11,8,toro_rosso,marina_bay
brendon_hartley,17,17,toro_rosso,marina_bay
chilton,21,17,marussia,marina_bay
jules_bianchi,19,16,marussia,marina_bay
stevens,19,15,manor,marina_bay
rossi,20,14,manor,marina_bay
wehrlein,19,16,manor,marina_bay
ocon,21,18,manor,marina_bay
hamilton,2,1,mercedes,suzuka
hamilton,2,1,mercedes,suzuka
hamilton,2,3,mercedes,suzuka
hamilton,1,1,mercedes,suzuka
hamilton,1,1,mercedes,suzuka
hamilton,4,3,mercedes,suzuka
rosberg,1,2,mercedes,suzuka
rosberg,1,2,mercedes,suzuka
rosberg,1,1,mercedes,suzuka
bottas,6,4,mercedes,suzuka
bottas,2,2,mercedes,suzuka
bottas,3,1,mercedes,suzuka
alonso,5,22,ferrari,suzuka
raikkonen,10,12,ferrari,suzuka
raikkonen,6,4,ferrari,suzuka
raikkonen,8,5,ferrari,suzuka
raikkonen,10,5,ferrari,suzuka
raikkonen,4,5,ferrari,suzuka
vettel,4,3,ferrari,suzuka
vettel,6,4,ferrari,suzuka
vettel,2,19,ferrari,suzuka
vettel,8,6,ferrari,suzuka
vettel,1,2,ferrari,suzuka
leclerc,2,6,ferrari,suzuka
alonso,12,11,mclaren,suzuka
alonso,15,16,mclaren,suzuka
alonso,20,11,mclaren,suzuka
alonso,18,14,mclaren,suzuka
button,8,5,mclaren,suzuka
button,14,16,mclaren,suzuka
button,22,18,mclaren,suzuka
kevin_magnussen,7,14,mclaren,suzuka
sainz,7,5,mclaren,suzuka
vandoorne,9,14,mclaren,suzuka
vandoorne,19,15,mclaren,suzuka
norris,8,11,mclaren,suzuka
raikkonen,13,12,alfa,suzuka
giovinazzi,11,14,alfa,suzuka
kubica,20,17,williams,suzuka
massa,4,7,williams,suzuka
massa,5,17,williams,suzuka
massa,12,9,williams,suzuka
massa,8,10,williams,suzuka
bottas,3,6,williams,suzuka
bottas,3,5,williams,suzuka
bottas,11,10,williams,suzuka
stroll,15,16,williams,suzuka
stroll,14,17,williams,suzuka
sirotkin,17,16,williams,suzuka
russell,18,16,williams,suzuka
sutil,14,21,sauber,suzuka
gutierrez,15,13,sauber,suzuka
ericsson,15,14,sauber,suzuka
ericsson,18,15,sauber,suzuka
ericsson,16,18,sauber,suzuka
ericsson,20,12,sauber,suzuka
nasr,16,20,sauber,suzuka
nasr,19,19,sauber,suzuka
wehrlein,17,15,sauber,suzuka
leclerc,10,18,sauber,suzuka
vettel,9,3,red_bull,suzuka
ricciardo,6,4,red_bull,suzuka
ricciardo,7,15,red_bull,suzuka
ricciardo,4,6,red_bull,suzuka
ricciardo,3,3,red_bull,suzuka
ricciardo,15,4,red_bull,suzuka
kvyat,20,13,red_bull,suzuka
max_verstappen,3,2,red_bull,suzuka
max_verstappen,4,2,red_bull,suzuka
max_verstappen,3,3,red_bull,suzuka
max_verstappen,5,18,red_bull,suzuka
albon,6,4,red_bull,suzuka
grosjean,16,15,lotus_f1,suzuka
grosjean,8,7,lotus_f1,suzuka
maldonado,22,16,lotus_f1,suzuka
maldonado,11,8,lotus_f1,suzuka
grosjean,7,11,haas,suzuka
grosjean,13,9,haas,suzuka
grosjean,5,8,haas,suzuka
grosjean,10,13,haas,suzuka
gutierrez,10,20,haas,suzuka
kevin_magnussen,12,8,haas,suzuka
kevin_magnussen,12,20,haas,suzuka
kevin_magnussen,19,15,haas,suzuka
kobayashi,19,19,caterham,suzuka
ericsson,17,17,caterham,suzuka
hulkenberg,13,8,force_india,suzuka
hulkenberg,13,6,force_india,suzuka
hulkenberg,9,8,force_india,suzuka
perez,11,10,force_india,suzuka
perez,9,12,force_india,suzuka
perez,5,7,force_india,suzuka
perez,7,7,force_india,suzuka
perez,9,7,force_india,suzuka
ocon,5,6,force_india,suzuka
ocon,11,9,force_india,suzuka
hulkenberg,11,17,renault,suzuka
hulkenberg,16,19,renault,suzuka
hulkenberg,15,20,renault,suzuka
ricciardo,16,19,renault,suzuka
kevin_magnussen,17,14,renault,suzuka
sainz,13,10,renault,suzuka
jolyon_palmer,16,12,renault,suzuka
jolyon_palmer,18,12,renault,suzuka
perez,17,8,racing_point,suzuka
stroll,12,9,racing_point,suzuka
vergne,20,9,toro_rosso,suzuka
kvyat,12,11,toro_rosso,suzuka
kvyat,13,13,toro_rosso,suzuka
kvyat,14,10,toro_rosso,suzuka
max_verstappen,17,9,toro_rosso,suzuka
sainz,10,10,toro_rosso,suzuka
sainz,14,17,toro_rosso,suzuka
sainz,19,20,toro_rosso,suzuka
gasly,14,13,toro_rosso,suzuka
gasly,7,11,toro_rosso,suzuka
gasly,9,7,toro_rosso,suzuka
brendon_hartley,6,13,toro_rosso,suzuka
chilton,21,18,marussia,suzuka
jules_bianchi,18,20,marussia,suzuka
stevens,18,19,manor,suzuka
rossi,19,18,manor,suzuka
wehrlein,21,22,manor,suzuka
ocon,20,21,manor,suzuka
hamilton,1,1,mercedes,sochi
hamilton,2,1,mercedes,sochi
hamilton,10,2,mercedes,sochi
hamilton,4,4,mercedes,sochi
hamilton,2,1,mercedes,sochi
hamilton,2,1,mercedes,sochi
hamilton,1,3,mercedes,sochi
rosberg,2,2,mercedes,sochi
rosberg,1,18,mercedes,sochi
rosberg,1,1,mercedes,sochi
bottas,3,1,mercedes,sochi
bottas,1,2,mercedes,sochi
bottas,4,2,mercedes,sochi
bottas,3,1,mercedes,sochi
alonso,7,6,ferrari,sochi
raikkonen,8,9,ferrari,sochi
raikkonen,5,8,ferrari,sochi
raikkonen,3,3,ferrari,sochi
raikkonen,2,3,ferrari,sochi
raikkonen,4,4,ferrari,sochi
vettel,4,2,ferrari,sochi
vettel,7,20,ferrari,sochi
vettel,1,2,ferrari,sochi
vettel,3,3,ferrari,sochi
vettel,3,18,ferrari,sochi
vettel,14,13,ferrari,sochi
leclerc,1,3,ferrari,sochi
leclerc,10,6,ferrari,sochi
alonso,19,11,mclaren,sochi
alonso,14,6,mclaren,sochi
alonso,15,20,mclaren,sochi
alonso,16,14,mclaren,sochi
button,4,4,mclaren,sochi
button,13,9,mclaren,sochi
button,12,10,mclaren,sochi
kevin_magnussen,11,5,mclaren,sochi
sainz,5,6,mclaren,sochi
sainz,6,19,mclaren,sochi
vandoorne,20,14,mclaren,sochi
vandoorne,15,16,mclaren,sochi
norris,7,8,mclaren,sochi
norris,8,15,mclaren,sochi
raikkonen,15,13,alfa,sochi
raikkonen,19,14,alfa,sochi
giovinazzi,12,15,alfa,sochi
giovinazzi,17,11,alfa,sochi
kubica,18,16,williams,sochi
massa,18,11,williams,sochi
massa,15,4,williams,sochi
massa,4,5,williams,sochi
massa,6,9,williams,sochi
bottas,3,3,williams,sochi
bottas,3,12,williams,sochi
bottas,2,4,williams,sochi
stroll,11,11,williams,sochi
stroll,14,15,williams,sochi
sirotkin,13,18,williams,sochi
russell,17,17,williams,sochi
russell,13,18,williams,sochi
latifi,20,16,williams,sochi
sutil,14,16,sauber,sochi
gutierrez,13,15,sauber,sochi
ericsson,17,20,sauber,sochi
ericsson,22,14,sauber,sochi
ericsson,18,15,sauber,sochi
ericsson,10,13,sauber,sochi
nasr,12,6,sauber,sochi
nasr,19,16,sauber,sochi
wehrlein,17,16,sauber,sochi
leclerc,7,7,sauber,sochi
vettel,10,8,red_bull,sochi
ricciardo,6,7,red_bull,sochi
ricciardo,10,15,red_bull,sochi
ricciardo,5,11,red_bull,sochi
ricciardo,5,17,red_bull,sochi
ricciardo,18,6,red_bull,sochi
kvyat,11,5,red_bull,sochi
kvyat,8,15,red_bull,sochi
max_verstappen,7,5,red_bull,sochi
max_verstappen,19,5,red_bull,sochi
max_verstappen,9,4,red_bull,sochi
max_verstappen,2,2,red_bull,sochi
albon,20,5,red_bull,sochi
albon,15,10,red_bull,sochi
grosjean,15,17,lotus_f1,sochi
grosjean,8,17,lotus_f1,sochi
maldonado,21,18,lotus_f1,sochi
maldonado,14,7,lotus_f1,sochi
grosjean,15,8,haas,sochi
grosjean,19,19,haas,sochi
grosjean,9,11,haas,sochi
grosjean,8,20,haas,sochi
grosjean,16,17,haas,sochi
gutierrez,16,17,haas,sochi
kevin_magnussen,13,13,haas,sochi
kevin_magnussen,5,8,haas,sochi
kevin_magnussen,13,9,haas,sochi
kevin_magnussen,18,12,haas,sochi
kobayashi,19,20,caterham,sochi
ericsson,16,19,caterham,sochi
hulkenberg,17,12,force_india,sochi
hulkenberg,6,19,force_india,sochi
hulkenberg,13,21,force_india,sochi
perez,12,10,force_india,sochi
perez,7,3,force_india,sochi
perez,6,9,force_india,sochi
perez,9,6,force_india,sochi
perez,8,10,force_india,sochi
ocon,10,7,force_india,sochi
ocon,6,9,force_india,sochi
hulkenberg,8,8,renault,sochi
hulkenberg,12,12,renault,sochi
hulkenberg,6,10,renault,sochi
ricciardo,10,19,renault,sochi
ricciardo,5,5,renault,sochi
kevin_magnussen,17,7,renault,sochi
sainz,11,17,renault,sochi
jolyon_palmer,18,13,renault,sochi
jolyon_palmer,16,18,renault,sochi
ocon,7,7,renault,sochi
perez,11,7,racing_point,sochi
perez,4,4,racing_point,sochi
stroll,14,11,racing_point,sochi
stroll,12,20,racing_point,sochi
vergne,9,13,toro_rosso,sochi
kvyat,5,14,toro_rosso,sochi
kvyat,12,12,toro_rosso,sochi
kvyat,19,12,toro_rosso,sochi
max_verstappen,9,10,toro_rosso,sochi
max_verstappen,9,19,toro_rosso,sochi
sainz,20,16,toro_rosso,sochi
sainz,11,12,toro_rosso,sochi
sainz,14,10,toro_rosso,sochi
gasly,17,19,toro_rosso,sochi
gasly,16,14,toro_rosso,sochi
brendon_hartley,20,20,toro_rosso,sochi
chilton,20,21,marussia,sochi
kvyat,11,8,alphatauri,sochi
gasly,9,9,alphatauri,sochi
stevens,17,14,manor,sochi
merhi,18,13,manor,sochi
wehrlein,20,18,manor,sochi
haryanto,21,22,manor,sochi
hamilton,2,1,mercedes,americas
hamilton,2,1,mercedes,americas
hamilton,1,1,mercedes,americas
hamilton,1,1,mercedes,americas
hamilton,1,3,mercedes,americas
hamilton,5,2,mercedes,americas
rosberg,1,2,mercedes,americas
rosberg,1,2,mercedes,americas
rosberg,2,2,mercedes,americas
bottas,3,5,mercedes,americas
bottas,3,5,mercedes,americas
bottas,1,1,mercedes,americas
alonso,6,6,ferrari,americas
raikkonen,8,13,ferrari,americas
raikkonen,18,16,ferrari,americas
raikkonen,5,19,ferrari,americas
raikkonen,5,3,ferrari,americas
raikkonen,2,1,ferrari,americas
vettel,13,3,ferrari,americas
vettel,6,4,ferrari,americas
vettel,2,2,ferrari,americas
vettel,5,4,ferrari,americas
vettel,2,20,ferrari,americas
leclerc,4,4,ferrari,americas
alonso,9,11,mclaren,americas
alonso,12,5,mclaren,americas
alonso,8,17,mclaren,americas
alonso,13,18,mclaren,americas
button,12,12,mclaren,americas
button,11,6,mclaren,americas
button,19,9,mclaren,americas
kevin_magnussen,7,8,mclaren,americas
sainz,7,8,mclaren,americas
vandoorne,20,12,mclaren,americas
vandoorne,17,11,mclaren,americas
norris,8,7,mclaren,americas
raikkonen,17,11,alfa,americas
giovinazzi,16,14,alfa,americas
kubica,19,19,williams,americas
massa,4,4,williams,americas
massa,7,17,williams,americas
massa,9,7,williams,americas
massa,10,9,williams,americas
bottas,3,5,williams,americas
bottas,16,19,williams,americas
bottas,8,16,williams,americas
stroll,15,11,williams,americas
stroll,15,14,williams,americas
sirotkin,14,13,williams,americas
russell,18,17,williams,americas
sutil,9,18,sauber,americas
gutierrez,15,14,sauber,americas
ericsson,14,15,sauber,americas
ericsson,16,14,sauber,americas
ericsson,13,15,sauber,americas
ericsson,16,10,sauber,americas
nasr,15,9,sauber,americas
nasr,21,15,sauber,americas
wehrlein,14,19,sauber,americas
leclerc,9,15,sauber,americas
vettel,18,7,red_bull,americas
ricciardo,5,3,red_bull,americas
ricciardo,3,10,red_bull,americas
ricciardo,3,3,red_bull,americas
ricciardo,4,18,red_bull,americas
ricciardo,4,16,red_bull,americas
kvyat,4,13,red_bull,americas
max_verstappen,4,20,red_bull,americas
max_verstappen,16,4,red_bull,americas
max_verstappen,18,2,red_bull,americas
max_verstappen,3,3,red_bull,americas
albon,6,5,red_bull,americas
grosjean,16,11,lotus_f1,americas
grosjean,10,18,lotus_f1,americas
maldonado,10,9,lotus_f1,americas
maldonado,12,8,lotus_f1,americas
grosjean,17,10,haas,americas
grosjean,12,14,haas,americas
grosjean,8,17,haas,americas
grosjean,15,15,haas,americas
gutierrez,14,21,haas,americas
kevin_magnussen,17,16,haas,americas
kevin_magnussen,12,20,haas,americas
kevin_magnussen,12,18,haas,americas
hulkenberg,13,16,force_india,americas
hulkenberg,6,14,force_india,americas
hulkenberg,7,22,force_india,americas
perez,11,17,force_india,americas
perez,5,5,force_india,americas
perez,11,8,force_india,americas
perez,9,8,force_india,americas
perez,10,8,force_india,americas
ocon,6,6,force_india,americas
ocon,6,19,force_india,americas
hulkenberg,18,20,renault,americas
hulkenberg,7,6,renault,americas
hulkenberg,11,9,renault,americas
ricciardo,9,6,renault,americas
kevin_magnussen,18,12,renault,americas
sainz,7,7,renault,americas
sainz,11,7,renault,americas
jolyon_palmer,15,13,renault,americas
perez,20,10,racing_point,americas
stroll,14,13,racing_point,americas
vergne,14,10,toro_rosso,americas
kvyat,17,15,toro_rosso,americas
kvyat,13,11,toro_rosso,americas
kvyat,11,10,toro_rosso,americas
kvyat,13,12,toro_rosso,americas
max_verstappen,8,4,toro_rosso,americas
sainz,20,7,toro_rosso,americas
sainz,10,6,toro_rosso,americas
gasly,19,12,toro_rosso,americas
gasly,10,16,toro_rosso,americas
brendon_hartley,19,13,toro_rosso,americas
brendon_hartley,20,9,toro_rosso,americas
stevens,19,20,manor,americas
rossi,17,12,manor,americas
wehrlein,20,17,manor,americas
ocon,22,18,manor,americas
hamilton,2,2,mercedes,interlagos
hamilton,2,2,mercedes,interlagos
hamilton,1,1,mercedes,interlagos
hamilton,20,4,mercedes,interlagos
hamilton,1,1,mercedes,interlagos
hamilton,3,7,mercedes,interlagos
rosberg,1,1,mercedes,interlagos
rosberg,1,1,mercedes,interlagos
rosberg,2,2,mercedes,interlagos
bottas,1,2,mercedes,interlagos
bottas,3,5,mercedes,interlagos
bottas,4,20,mercedes,interlagos
alonso,8,6,ferrari,interlagos
raikkonen,10,7,ferrari,interlagos
raikkonen,4,4,ferrari,interlagos
raikkonen,3,20,ferrari,interlagos
raikkonen,3,3,ferrari,interlagos
raikkonen,4,3,ferrari,interlagos
vettel,3,3,ferrari,interlagos
vettel,5,5,ferrari,interlagos
vettel,2,1,ferrari,interlagos
vettel,2,6,ferrari,interlagos
vettel,2,17,ferrari,interlagos
leclerc,14,18,ferrari,interlagos
alonso,20,15,mclaren,interlagos
alonso,10,10,mclaren,interlagos
alonso,6,8,mclaren,interlagos
alonso,17,17,mclaren,interlagos
button,5,4,mclaren,interlagos
button,16,14,mclaren,interlagos
button,17,16,mclaren,interlagos
kevin_magnussen,7,9,mclaren,interlagos
sainz,20,3,mclaren,interlagos
vandoorne,12,19,mclaren,interlagos
vandoorne,20,14,mclaren,interlagos
norris,10,8,mclaren,interlagos
raikkonen,8,4,alfa,interlagos
giovinazzi,12,5,alfa,interlagos
kubica,19,16,williams,interlagos
massa,3,3,williams,interlagos
massa,8,20,williams,interlagos
massa,13,18,williams,interlagos
massa,9,7,williams,interlagos
bottas,4,10,williams,interlagos
bottas,7,5,williams,interlagos
bottas,11,11,williams,interlagos
stroll,16,16,williams,interlagos
stroll,19,18,williams,interlagos
sirotkin,14,16,williams,interlagos
russell,18,12,williams,interlagos
sutil,13,16,sauber,interlagos
gutierrez,11,14,sauber,interlagos
ericsson,12,16,sauber,interlagos
ericsson,20,21,sauber,interlagos
ericsson,17,13,sauber,interlagos
ericsson,6,20,sauber,interlagos
nasr,13,13,sauber,interlagos
nasr,21,9,sauber,interlagos
wehrlein,15,14,sauber,interlagos
leclerc,7,7,sauber,interlagos
vettel,6,5,red_bull,interlagos
ricciardo,9,18,red_bull,interlagos
ricciardo,19,11,red_bull,interlagos
ricciardo,6,8,red_bull,interlagos
ricciardo,14,6,red_bull,interlagos
ricciardo,11,4,red_bull,interlagos
kvyat,6,7,red_bull,interlagos
max_verstappen,4,3,red_bull,interlagos
max_verstappen,4,5,red_bull,interlagos
max_verstappen,5,2,red_bull,interlagos
max_verstappen,1,1,red_bull,interlagos
albon,5,14,red_bull,interlagos
grosjean,14,17,lotus_f1,interlagos
grosjean,14,8,lotus_f1,interlagos
maldonado,16,12,lotus_f1,interlagos
maldonado,15,10,lotus_f1,interlagos
grosjean,7,22,haas,interlagos
grosjean,11,15,haas,interlagos
grosjean,8,8,haas,interlagos
grosjean,7,13,haas,interlagos
gutierrez,12,17,haas,interlagos
kevin_magnussen,13,20,haas,interlagos
kevin_magnussen,10,9,haas,interlagos
kevin_magnussen,9,11,haas,interlagos
hulkenberg,12,8,force_india,interlagos
hulkenberg,5,6,force_india,interlagos
hulkenberg,8,7,force_india,interlagos
perez,18,15,force_india,interlagos
perez,11,12,force_india,interlagos
perez,9,4,force_india,interlagos
perez,5,9,force_india,interlagos
perez,12,10,force_india,interlagos
ocon,10,18,force_india,interlagos
ocon,18,15,force_india,interlagos
hulkenberg,7,10,renault,interlagos
hulkenberg,13,19,renault,interlagos
hulkenberg,13,15,renault,interlagos
ricciardo,11,6,renault,interlagos
kevin_magnussen,18,14,renault,interlagos
sainz,8,11,renault,interlagos
sainz,15,12,renault,interlagos
jolyon_palmer,16,19,renault,interlagos
perez,15,9,racing_point,interlagos
stroll,17,19,racing_point,interlagos
vergne,15,13,toro_rosso,interlagos
kvyat,17,11,toro_rosso,interlagos
kvyat,14,13,toro_rosso,interlagos
kvyat,16,10,toro_rosso,interlagos
max_verstappen,9,9,toro_rosso,interlagos
sainz,10,19,toro_rosso,interlagos
sainz,15,6,toro_rosso,interlagos
gasly,19,12,toro_rosso,interlagos
gasly,9,13,toro_rosso,interlagos
gasly,6,2,toro_rosso,interlagos
brendon_hartley,18,17,toro_rosso,interlagos
brendon_hartley,16,11,toro_rosso,interlagos
stevens,18,17,manor,interlagos
rossi,17,18,manor,interlagos
wehrlein,19,15,manor,interlagos
ocon,22,12,manor,interlagos
hamilton,2,1,mercedes,yas_marina
hamilton,2,2,mercedes,yas_marina
hamilton,1,1,mercedes,yas_marina
hamilton,2,2,mercedes,yas_marina
hamilton,1,1,mercedes,yas_marina
hamilton,1,1,mercedes,yas_marina
hamilton,3,3,mercedes,yas_marina
rosberg,1,14,mercedes,yas_marina
rosberg,1,1,mercedes,yas_marina
rosberg,2,2,mercedes,yas_marina
bottas,1,1,mercedes,yas_marina
bottas,2,5,mercedes,yas_marina
bottas,20,4,mercedes,yas_marina
bottas,2,2,mercedes,yas_marina
alonso,8,9,ferrari,yas_marina
raikkonen,7,10,ferrari,yas_marina
raikkonen,3,3,ferrari,yas_marina
raikkonen,4,6,ferrari,yas_marina
raikkonen,5,4,ferrari,yas_marina
raikkonen,4,19,ferrari,yas_marina
vettel,15,4,ferrari,yas_marina
vettel,5,3,ferrari,yas_marina
vettel,3,3,ferrari,yas_marina
vettel,3,2,ferrari,yas_marina
vettel,4,5,ferrari,yas_marina
vettel,13,14,ferrari,yas_marina
leclerc,3,3,ferrari,yas_marina
leclerc,12,13,ferrari,yas_marina
alonso,16,17,mclaren,yas_marina
alonso,9,10,mclaren,yas_marina
alonso,11,9,mclaren,yas_marina
alonso,15,11,mclaren,yas_marina
button,6,5,mclaren,yas_marina
button,12,12,mclaren,yas_marina
button,12,20,mclaren,yas_marina
kevin_magnussen,9,11,mclaren,yas_marina
sainz,8,10,mclaren,yas_marina
sainz,6,6,mclaren,yas_marina
vandoorne,13,12,mclaren,yas_marina
vandoorne,18,14,mclaren,yas_marina
norris,6,8,mclaren,yas_marina
norris,4,5,mclaren,yas_marina
raikkonen,17,13,alfa,yas_marina
raikkonen,15,12,alfa,yas_marina
giovinazzi,16,16,alfa,yas_marina
giovinazzi,14,16,alfa,yas_marina
kubica,19,19,williams,yas_marina
massa,4,2,williams,yas_marina
massa,8,8,williams,yas_marina
massa,10,9,williams,yas_marina
massa,10,10,williams,yas_marina
bottas,3,3,williams,yas_marina
bottas,6,13,williams,yas_marina
bottas,11,21,williams,yas_marina
stroll,15,18,williams,yas_marina
stroll,20,13,williams,yas_marina
sirotkin,19,15,williams,yas_marina
russell,18,17,williams,yas_marina
russell,16,15,williams,yas_marina
latifi,18,17,williams,yas_marina
sutil,13,16,sauber,yas_marina
gutierrez,14,15,sauber,yas_marina
ericsson,17,14,sauber,yas_marina
ericsson,22,15,sauber,yas_marina
ericsson,19,17,sauber,yas_marina
ericsson,12,18,sauber,yas_marina
nasr,14,15,sauber,yas_marina
nasr,19,16,sauber,yas_marina
wehrlein,18,14,sauber,yas_marina
leclerc,8,7,sauber,yas_marina
vettel,19,8,red_bull,yas_marina
ricciardo,20,4,red_bull,yas_marina
ricciardo,5,6,red_bull,yas_marina
ricciardo,3,5,red_bull,yas_marina
ricciardo,4,20,red_bull,yas_marina
ricciardo,5,4,red_bull,yas_marina
kvyat,9,10,red_bull,yas_marina
max_verstappen,6,4,red_bull,yas_marina
max_verstappen,6,5,red_bull,yas_marina
max_verstappen,6,3,red_bull,yas_marina
max_verstappen,2,2,red_bull,yas_marina
max_verstappen,1,1,red_bull,yas_marina
albon,5,6,red_bull,yas_marina
albon,5,4,red_bull,yas_marina
grosjean,18,13,lotus_f1,yas_marina
grosjean,18,9,lotus_f1,yas_marina
maldonado,15,19,lotus_f1,yas_marina
maldonado,13,20,lotus_f1,yas_marina
grosjean,14,11,haas,yas_marina
grosjean,16,11,haas,yas_marina
grosjean,7,9,haas,yas_marina
grosjean,15,15,haas,yas_marina
gutierrez,13,12,haas,yas_marina
kevin_magnussen,14,13,haas,yas_marina
kevin_magnussen,13,10,haas,yas_marina
kevin_magnussen,14,14,haas,yas_marina
kevin_magnussen,20,18,haas,yas_marina
pietro_fittipaldi,17,19,haas,yas_marina
kobayashi,16,18,caterham,yas_marina
stevens,17,17,caterham,yas_marina
hulkenberg,12,6,force_india,yas_marina
hulkenberg,7,7,force_india,yas_marina
hulkenberg,7,7,force_india,yas_marina
perez,11,7,force_india,yas_marina
perez,4,5,force_india,yas_marina
perez,8,8,force_india,yas_marina
perez,8,7,force_india,yas_marina
perez,14,8,force_india,yas_marina
ocon,9,8,force_india,yas_marina
ocon,9,17,force_india,yas_marina
hulkenberg,7,6,renault,yas_marina
hulkenberg,10,20,renault,yas_marina
hulkenberg,9,12,renault,yas_marina
ricciardo,7,11,renault,yas_marina
ricciardo,11,7,renault,yas_marina
kevin_magnussen,18,22,renault,yas_marina
sainz,12,19,renault,yas_marina
sainz,11,6,renault,yas_marina
jolyon_palmer,15,17,renault,yas_marina
ocon,10,9,renault,yas_marina
perez,10,7,racing_point,yas_marina
perez,19,20,racing_point,yas_marina
stroll,12,20,racing_point,yas_marina
stroll,8,10,racing_point,yas_marina
vergne,10,12,toro_rosso,yas_marina
kvyat,5,20,toro_rosso,yas_marina
kvyat,17,19,toro_rosso,yas_marina
kvyat,13,9,toro_rosso,yas_marina
max_verstappen,11,16,toro_rosso,yas_marina
sainz,10,11,toro_rosso,yas_marina
sainz,21,18,toro_rosso,yas_marina
gasly,17,16,toro_rosso,yas_marina
gasly,17,16,toro_rosso,yas_marina
gasly,11,18,toro_rosso,yas_marina
brendon_hartley,20,15,toro_rosso,yas_marina
brendon_hartley,16,12,toro_rosso,yas_marina
kvyat,7,11,alphatauri,yas_marina
gasly,9,8,alphatauri,yas_marina
stevens,19,18,manor,yas_marina
merhi,20,19,manor,yas_marina
wehrlein,16,14,manor,yas_marina
ocon,20,13,manor,yas_marina
hamilton,2,2,mercedes,rodriguez
hamilton,1,1,mercedes,rodriguez
hamilton,3,9,mercedes,rodriguez
hamilton,3,4,mercedes,rodriguez
hamilton,3,1,mercedes,rodriguez
rosberg,1,1,mercedes,rodriguez
rosberg,2,2,mercedes,rodriguez
bottas,4,2,mercedes,rodriguez
bottas,5,5,mercedes,rodriguez
bottas,6,3,mercedes,rodriguez
raikkonen,19,19,ferrari,rodriguez
raikkonen,6,6,ferrari,rodriguez
raikkonen,5,3,ferrari,rodriguez
raikkonen,6,3,ferrari,rodriguez
vettel,3,18,ferrari,rodriguez
vettel,7,5,ferrari,rodriguez
vettel,1,4,ferrari,rodriguez
vettel,4,2,ferrari,rodriguez
vettel,2,2,ferrari,rodriguez
leclerc,1,4,ferrari,rodriguez
alonso,18,20,mclaren,rodriguez
alonso,11,13,mclaren,rodriguez
alonso,18,10,mclaren,rodriguez
alonso,12,20,mclaren,rodriguez
button,20,14,mclaren,rodriguez
button,13,12,mclaren,rodriguez
sainz,7,13,mclaren,rodriguez
vandoorne,19,12,mclaren,rodriguez
vandoorne,15,8,mclaren,rodriguez
norris,8,20,mclaren,rodriguez
raikkonen,14,19,alfa,rodriguez
giovinazzi,15,14,alfa,rodriguez
kubica,20,18,williams,rodriguez
massa,7,6,williams,rodriguez
massa,9,9,williams,rodriguez
massa,10,11,williams,rodriguez
bottas,6,3,williams,rodriguez
bottas,8,8,williams,rodriguez
stroll,11,6,williams,rodriguez
stroll,17,12,williams,rodriguez
sirotkin,19,13,williams,rodriguez
russell,19,16,williams,rodriguez
ericsson,14,12,sauber,rodriguez
ericsson,15,11,sauber,rodriguez
ericsson,12,17,sauber,rodriguez
ericsson,10,9,sauber,rodriguez
nasr,15,17,sauber,rodriguez
nasr,19,15,sauber,rodriguez
wehrlein,13,14,sauber,rodriguez
leclerc,9,7,sauber,rodriguez
ricciardo,5,5,red_bull,rodriguez
ricciardo,4,3,red_bull,rodriguez
ricciardo,16,20,red_bull,rodriguez
ricciardo,1,17,red_bull,rodriguez
kvyat,4,4,red_bull,rodriguez
max_verstappen,3,4,red_bull,rodriguez
max_verstappen,2,1,red_bull,rodriguez
max_verstappen,2,1,red_bull,rodriguez
max_verstappen,4,6,red_bull,rodriguez
albon,5,5,red_bull,rodriguez
grosjean,12,10,lotus_f1,rodriguez
maldonado,13,11,lotus_f1,rodriguez
grosjean,22,20,haas,rodriguez
grosjean,15,15,haas,rodriguez
grosjean,18,16,haas,rodriguez
grosjean,18,17,haas,rodriguez
gutierrez,17,19,haas,rodriguez
kevin_magnussen,14,8,haas,rodriguez
kevin_magnussen,16,15,haas,rodriguez
kevin_magnussen,17,15,haas,rodriguez
hulkenberg,10,7,force_india,rodriguez
hulkenberg,5,7,force_india,rodriguez
perez,9,8,force_india,rodriguez
perez,12,10,force_india,rodriguez
perez,9,7,force_india,rodriguez
perez,13,18,force_india,rodriguez
ocon,6,5,force_india,rodriguez
ocon,11,11,force_india,rodriguez
hulkenberg,7,19,renault,rodriguez
hulkenberg,7,6,renault,rodriguez
hulkenberg,12,10,renault,rodriguez
ricciardo,13,8,renault,rodriguez
kevin_magnussen,14,17,renault,rodriguez
sainz,8,16,renault,rodriguez
sainz,8,19,renault,rodriguez
jolyon_palmer,21,14,renault,rodriguez
perez,11,7,racing_point,rodriguez
stroll,16,12,racing_point,rodriguez
kvyat,18,18,toro_rosso,rodriguez
kvyat,9,11,toro_rosso,rodriguez
max_verstappen,8,9,toro_rosso,rodriguez
sainz,11,13,toro_rosso,rodriguez
sainz,10,16,toro_rosso,rodriguez
gasly,20,13,toro_rosso,rodriguez
gasly,20,10,toro_rosso,rodriguez
gasly,10,9,toro_rosso,rodriguez
brendon_hartley,17,18,toro_rosso,rodriguez
brendon_hartley,14,14,toro_rosso,rodriguez
stevens,17,16,manor,rodriguez
rossi,16,15,manor,rodriguez
wehrlein,16,22,manor,rodriguez
ocon,20,21,manor,rodriguez
hamilton,10,5,mercedes,BAK
hamilton,1,5,mercedes,BAK
hamilton,2,1,mercedes,BAK
hamilton,2,2,mercedes,BAK
hamilton,2,15,mercedes,BAK
rosberg,1,1,mercedes,BAK
bottas,2,2,mercedes,BAK
bottas,3,14,mercedes,BAK
bottas,1,1,mercedes,BAK
bottas,10,12,mercedes,BAK
raikkonen,4,4,ferrari,BAK
raikkonen,3,14,ferrari,BAK
raikkonen,6,2,ferrari,BAK
vettel,3,2,ferrari,BAK
vettel,4,4,ferrari,BAK
vettel,1,4,ferrari,BAK
vettel,3,3,ferrari,BAK
sainz,5,8,ferrari,BAK
leclerc,8,5,ferrari,BAK
leclerc,1,4,ferrari,BAK
alonso,13,19,mclaren,BAK
alonso,19,9,mclaren,BAK
alonso,12,7,mclaren,BAK
button,19,11,mclaren,BAK
ricciardo,13,9,mclaren,BAK
sainz,9,7,mclaren,BAK
vandoorne,18,12,mclaren,BAK
vandoorne,16,9,mclaren,BAK
norris,7,8,mclaren,BAK
norris,9,5,mclaren,BAK
alonso,8,6,alpine,BAK
ocon,12,20,alpine,BAK
raikkonen,20,10,alfa,BAK
raikkonen,14,10,alfa,BAK
giovinazzi,17,12,alfa,BAK
giovinazzi,20,11,alfa,BAK
kubica,20,16,williams,BAK
massa,5,10,williams,BAK
massa,9,16,williams,BAK
bottas,8,6,williams,BAK
stroll,8,3,williams,BAK
stroll,10,8,williams,BAK
sirotkin,11,20,williams,BAK
russell,16,15,williams,BAK
russell,15,17,williams,BAK
latifi,16,16,williams,BAK
ericsson,20,17,sauber,BAK
ericsson,17,11,sauber,BAK
ericsson,18,11,sauber,BAK
nasr,15,12,sauber,BAK
wehrlein,14,10,sauber,BAK
leclerc,13,6,sauber,BAK
perez,6,1,red_bull,BAK
ricciardo,2,7,red_bull,BAK
ricciardo,10,1,red_bull,BAK
ricciardo,4,17,red_bull,BAK
max_verstappen,9,8,red_bull,BAK
max_verstappen,5,18,red_bull,BAK
max_verstappen,5,16,red_bull,BAK
max_verstappen,4,4,red_bull,BAK
max_verstappen,3,18,red_bull,BAK
gasly,20,17,red_bull,BAK
vettel,11,2,aston_martin,BAK
stroll,19,19,aston_martin,BAK
grosjean,11,13,haas,BAK
grosjean,16,13,haas,BAK
grosjean,20,15,haas,BAK
grosjean,14,18,haas,BAK
gutierrez,14,16,haas,BAK
kevin_magnussen,12,7,haas,BAK
kevin_magnussen,15,13,haas,BAK
kevin_magnussen,12,13,haas,BAK
mazepin,18,14,haas,BAK
mick_schumacher,17,13,haas,BAK
hulkenberg,12,9,force_india,BAK
perez,7,3,force_india,BAK
perez,6,15,force_india,BAK
perez,8,3,force_india,BAK
ocon,7,6,force_india,BAK
ocon,7,19,force_india,BAK
hulkenberg,13,17,renault,BAK
hulkenberg,14,18,renault,BAK
hulkenberg,15,14,renault,BAK
ricciardo,10,20,renault,BAK
kevin_magnussen,22,14,renault,BAK
sainz,9,5,renault,BAK
jolyon_palmer,21,15,renault,BAK
jolyon_palmer,20,20,renault,BAK
perez,5,6,racing_point,BAK
stroll,13,9,racing_point,BAK
kvyat,6,22,toro_rosso,BAK
kvyat,11,19,toro_rosso,BAK
kvyat,6,19,toro_rosso,BAK
sainz,18,21,toro_rosso,BAK
sainz,15,8,toro_rosso,BAK
gasly,17,12,toro_rosso,BAK
brendon_hartley,19,10,toro_rosso,BAK
albon,11,11,toro_rosso,BAK
gasly,4,3,alphatauri,BAK
tsunoda,7,7,alphatauri,BAK
wehrlein,17,20,manor,BAK
haryanto,16,18,manor,BAK
hamilton,1,1,mercedes,ricard
hamilton,1,1,mercedes,ricard
hamilton,2,2,mercedes,ricard
bottas,2,7,mercedes,ricard
bottas,2,2,mercedes,ricard
bottas,3,4,mercedes,ricard
raikkonen,6,3,ferrari,ricard
vettel,3,5,ferrari,ricard
vettel,7,5,ferrari,ricard
sainz,5,11,ferrari,ricard
leclerc,3,3,ferrari,ricard
leclerc,7,16,ferrari,ricard
alonso,16,16,mclaren,ricard
ricciardo,10,6,mclaren,ricard
sainz,6,6,mclaren,ricard
vandoorne,17,12,mclaren,ricard
norris,5,9,mclaren,ricard
norris,8,5,mclaren,ricard
alonso,9,8,alpine,ricard
ocon,11,14,alpine,ricard
raikkonen,12,7,alfa,ricard
raikkonen,17,17,alfa,ricard
giovinazzi,10,16,alfa,ricard
giovinazzi,13,15,alfa,ricard
kubica,18,18,williams,ricard
stroll,19,17,williams,ricard
sirotkin,18,15,williams,ricard
russell,20,19,williams,ricard
russell,14,12,williams,ricard
latifi,16,18,williams,ricard
ericsson,15,13,sauber,ricard
leclerc,8,10,sauber,ricard
perez,4,3,red_bull,ricard
ricciardo,5,4,red_bull,ricard
max_verstappen,4,2,red_bull,ricard
max_verstappen,4,4,red_bull,ricard
max_verstappen,1,1,red_bull,ricard
gasly,9,10,red_bull,ricard
vettel,12,9,aston_martin,ricard
stroll,19,10,aston_martin,ricard
grosjean,10,11,haas,ricard
grosjean,16,20,haas,ricard
kevin_magnussen,9,6,haas,ricard
kevin_magnussen,15,17,haas,ricard
mazepin,18,20,haas,ricard
mick_schumacher,15,19,haas,ricard
perez,13,18,force_india,ricard
ocon,11,19,force_india,ricard
hulkenberg,12,9,renault,ricard
hulkenberg,13,8,renault,ricard
ricciardo,8,11,renault,ricard
sainz,7,8,renault,ricard
perez,14,12,racing_point,ricard
stroll,17,13,racing_point,ricard
kvyat,19,14,toro_rosso,ricard
gasly,14,20,toro_rosso,ricard
brendon_hartley,20,14,toro_rosso,ricard
albon,11,15,toro_rosso,ricard
gasly,6,7,alphatauri,ricard
tsunoda,20,13,alphatauri,ricard
hamilton,1,1,mercedes,mugello
bottas,2,2,mercedes,mugello
vettel,14,10,ferrari,mugello
leclerc,5,8,ferrari,mugello
sainz,9,18,mclaren,mugello
norris,11,6,mclaren,mugello
raikkonen,13,9,alfa,mugello
giovinazzi,17,17,alfa,mugello
russell,18,11,williams,mugello
latifi,19,15,williams,mugello
max_verstappen,3,19,red_bull,mugello
albon,4,3,red_bull,mugello
grosjean,15,12,haas,mugello
kevin_magnussen,20,16,haas,mugello
ricciardo,8,4,renault,mugello
ocon,10,14,renault,mugello
perez,7,5,racing_point,mugello
stroll,6,13,racing_point,mugello
kvyat,12,7,alphatauri,mugello
gasly,16,20,alphatauri,mugello
hamilton,2,1,mercedes,nurburgring
bottas,1,19,mercedes,nurburgring
vettel,11,11,ferrari,nurburgring
leclerc,4,7,ferrari,nurburgring
sainz,10,5,mclaren,nurburgring
norris,8,16,mclaren,nurburgring
raikkonen,19,12,alfa,nurburgring
giovinazzi,14,10,alfa,nurburgring
russell,17,20,williams,nurburgring
latifi,18,14,williams,nurburgring
max_verstappen,3,2,red_bull,nurburgring
albon,5,17,red_bull,nurburgring
grosjean,16,9,haas,nurburgring
kevin_magnussen,15,13,haas,nurburgring
ricciardo,6,3,renault,nurburgring
ocon,7,18,renault,nurburgring
hulkenberg,20,8,racing_point,nurburgring
perez,9,4,racing_point,nurburgring
kvyat,13,15,alphatauri,nurburgring
gasly,12,6,alphatauri,nurburgring
hamilton,1,1,mercedes,portimao
hamilton,2,1,mercedes,portimao
bottas,2,2,mercedes,portimao
bottas,1,3,mercedes,portimao
vettel,15,10,ferrari,portimao
sainz,5,11,ferrari,portimao
leclerc,4,4,ferrari,portimao
leclerc,8,6,ferrari,portimao
ricciardo,16,9,mclaren,portimao
sainz,7,6,mclaren,portimao
norris,8,13,mclaren,portimao
norris,7,5,mclaren,portimao
alonso,13,8,alpine,portimao
ocon,6,7,alpine,portimao
raikkonen,16,11,alfa,portimao
raikkonen,15,20,alfa,portimao
giovinazzi,17,15,alfa,portimao
giovinazzi,12,12,alfa,portimao
russell,14,14,williams,portimao
russell,11,16,williams,portimao
latifi,20,18,williams,portimao
latifi,18,18,williams,portimao
perez,4,4,red_bull,portimao
max_verstappen,3,3,red_bull,portimao
max_verstappen,3,2,red_bull,portimao
albon,6,12,red_bull,portimao
vettel,10,13,aston_martin,portimao
stroll,17,14,aston_martin,portimao
grosjean,18,17,haas,portimao
kevin_magnussen,19,16,haas,portimao
mazepin,20,19,haas,portimao
mick_schumacher,19,17,haas,portimao
ricciardo,10,9,renault,portimao
ocon,11,8,renault,portimao
perez,5,7,racing_point,portimao
stroll,12,20,racing_point,portimao
kvyat,13,19,alphatauri,portimao
gasly,9,5,alphatauri,portimao
gasly,9,10,alphatauri,portimao
tsunoda,14,15,alphatauri,portimao
hamilton,2,1,mercedes,imola
hamilton,1,2,mercedes,imola
bottas,1,2,mercedes,imola
bottas,8,18,mercedes,imola
vettel,14,12,ferrari,imola
sainz,11,5,ferrari,imola
leclerc,7,5,ferrari,imola
leclerc,4,4,ferrari,imola
ricciardo,6,6,mclaren,imola
sainz,10,7,mclaren,imola
norris,9,8,mclaren,imola
norris,7,3,mclaren,imola
alonso,15,10,alpine,imola
ocon,9,9,alpine,imola
raikkonen,18,9,alfa,imola
raikkonen,16,13,alfa,imola
giovinazzi,20,10,alfa,imola
giovinazzi,17,14,alfa,imola
russell,13,16,williams,imola
russell,12,19,williams,imola
latifi,19,11,williams,imola
latifi,14,20,williams,imola
perez,2,11,red_bull,imola
max_verstappen,3,17,red_bull,imola
max_verstappen,3,1,red_bull,imola
albon,6,15,red_bull,imola
vettel,20,15,aston_martin,imola
stroll,10,8,aston_martin,imola
grosjean,16,14,haas,imola
kevin_magnussen,17,18,haas,imola
mazepin,19,17,haas,imola
mick_schumacher,18,16,haas,imola
ricciardo,5,3,renault,imola
ocon,12,19,renault,imola
perez,11,6,racing_point,imola
stroll,15,13,racing_point,imola
kvyat,8,4,alphatauri,imola
gasly,4,20,alphatauri,imola
gasly,5,7,alphatauri,imola
tsunoda,20,12,alphatauri,imola
hamilton,6,1,mercedes,istanbul
bottas,9,14,mercedes,istanbul
vettel,11,3,ferrari,istanbul
leclerc,12,4,ferrari,istanbul
sainz,15,5,mclaren,istanbul
norris,14,8,mclaren,istanbul
raikkonen,8,15,alfa,istanbul
giovinazzi,10,20,alfa,istanbul
russell,20,16,williams,istanbul
latifi,20,19,williams,istanbul
max_verstappen,2,6,red_bull,istanbul
albon,4,7,red_bull,istanbul
grosjean,17,18,haas,istanbul
kevin_magnussen,13,17,haas,istanbul
ricciardo,5,10,renault,istanbul
ocon,7,11,renault,istanbul
perez,3,2,racing_point,istanbul
stroll,1,9,racing_point,istanbul
kvyat,16,12,alphatauri,istanbul
gasly,19,13,alphatauri,istanbul
